Code Domaine,Domaine,Code pays déclarant (ISO3),Pays déclarants,Code pays partenaire (ISO3),Pays partenaires,Code Élément,Élément,Code Produit (CPC),Produit,Code année,Année,Unité,Valeur,Symbole,Description du Symbole
"TM","Matrices du commerce détaillées","FRA","France","AFG","Afghanistan","5910","Exportations - quantité","21121","Viande, poulet, fraîche ou réfrigérée","2022","2022","","","",""
"TM","Matrices du commerce détaillées","FRA","France","AFG","Afghanistan","5922","Exportations - valeur","21121","Viande, poulet, fraîche ou réfrigérée","2022","2022","","","",""
"TM","Matrices du commerce détaillées","FRA","France","ZAF","Afrique du Sud","5910","Exportations - quantité","21121","Viande, poulet, fraîche ou réfrigérée","2022","2022","","","",""
"TM","Matrices du commerce détaillées","FRA","France","ZAF","Afrique du Sud","5922","Exportations - valeur","21121","Viande, poulet, fraîche ou réfrigérée","2022","2022","","","",""
"TM","Matrices du commerce détaillées","FRA","France","ALB","Albanie","5910","Exportations - quantité","21121","Viande, poulet, fraîche ou réfrigérée","2022","2022","tonnes","491.3","A","Chiffre officiel"
"TM","Matrices du commerce détaillées","FRA","France","ALB","Albanie","5922","Exportations - valeur","21121","Viande, poulet, fraîche ou réfrigérée","2022","2022","1000 USD","574","A","Chiffre officiel"
"TM","Matrices du commerce détaillées","FRA","France","DZA","Algérie","5910","Exportations - quantité","21121","Viande, poulet, fraîche ou réfrigérée","2022","2022","","","",""
"TM","Matrices du commerce détaillées","FRA","France","DZA","Algérie","5922","Exportations - valeur","21121","Viande, poulet, fraîche ou réfrigérée","2022","2022","","","",""
"TM","Matrices du commerce détaillées","FRA","France","DEU","Allemagne","5910","Exportations - quantité","21121","Viande, poulet, fraîche ou réfrigérée","2022","2022","tonnes","38321.24","A","Chiffre officiel"
"TM","Matrices du commerce détaillées","FRA","France","DEU","Allemagne","5922","Exportations - valeur","21121","Viande, poulet, fraîche ou réfrigérée","2022","2022","1000 USD","79441","A","Chiffre officiel"
"TM","Matrices du commerce détaillées","FRA","France","AGO","Angola","5910","Exportations - quantité","21121","Viande, poulet, fraîche ou réfrigérée","2022","2022","tonnes","248.37","A","Chiffre officiel"
"TM","Matrices du commerce détaillées","FRA","France","AGO","Angola","5922","Exportations - valeur","21121","Viande, poulet, fraîche ou réfrigérée","2022","2022","1000 USD","220","A","Chiffre officiel"
"TM","Matrices du commerce détaillées","FRA","France","ATG","Antigua-et-Barbuda","5910","Exportations - quantité","21121","Viande, poulet, fraîche ou réfrigérée","2022","2022","","","",""
"TM","Matrices du commerce détaillées","FRA","France","ATG","Antigua-et-Barbuda","5922","Exportations - valeur","21121","Viande, poulet, fraîche ou réfrigérée","2022","2022","","","",""
"TM","Matrices du commerce détaillées","FRA","France","SAU","Arabie saoudite","5910","Exportations - quantité","21121","Viande, poulet, fraîche ou réfrigérée","2022","2022","tonnes","60196.71","A","Chiffre officiel"
"TM","Matrices du commerce détaillées","FRA","France","SAU","Arabie saoudite","5922","Exportations - valeur","21121","Viande, poulet, fraîche ou réfrigérée","2022","2022","1000 USD","130852","A","Chiffre officiel"
"TM","Matrices du commerce détaillées","FRA","France","ARG","Argentine","5910","Exportations - quantité","21121","Viande, poulet, fraîche ou réfrigérée","2022","2022","","","",""
"TM","Matrices du commerce détaillées","FRA","France","ARG","Argentine","5922","Exportations - valeur","21121","Viande, poulet, fraîche ou réfrigérée","2022","2022","","","",""
"TM","Matrices du commerce détaillées","FRA","France","ARM","Arménie","5910","Exportations - quantité","21121","Viande, poulet, fraîche ou réfrigérée","2022","2022","tonnes","387.33","A","Chiffre officiel"
"TM","Matrices du commerce détaillées","FRA","France","ARM","Arménie","5922","Exportations - valeur","21121","Viande, poulet, fraîche ou réfrigérée","2022","2022","1000 USD","262","A","Chiffre officiel"
"TM","Matrices du commerce détaillées","FRA","France","AUS","Australie","5910","Exportations - quantité","21121","Viande, poulet, fraîche ou réfrigérée","2022","2022","","","",""
"TM","Matrices du commerce détaillées","FRA","France","AUS","Australie","5922","Exportations - valeur","21121","Viande, poulet, fraîche ou réfrigérée","2022","2022","","","",""
"TM","Matrices du commerce détaillées","FRA","France","AUT","Autriche","5910","Exportations - quantité","21121","Viande, poulet, fraîche ou réfrigérée","2022","2022","tonnes","391.59","A","Chiffre officiel"
"TM","Matrices du commerce détaillées","FRA","France","AUT","Autriche","5922","Exportations - valeur","21121","Viande, poulet, fraîche ou réfrigérée","2022","2022","1000 USD","1490","A","Chiffre officiel"
"TM","Matrices du commerce détaillées","FRA","France","AZE","Azerbaïdjan","5910","Exportations - quantité","21121","Viande, poulet, fraîche ou réfrigérée","2022","2022","","","",""
"TM","Matrices du commerce détaillées","FRA","France","AZE","Azerbaïdjan","5922","Exportations - valeur","21121","Viande, poulet, fraîche ou réfrigérée","2022","2022","","","",""
"TM","Matrices du commerce détaillées","FRA","France","BHS","Bahamas","5910","Exportations - quantité","21121","Viande, poulet, fraîche ou réfrigérée","2022","2022","","","",""
"TM","Matrices du commerce détaillées","FRA","France","BHS","Bahamas","5922","Exportations - valeur","21121","Viande, poulet, fraîche ou réfrigérée","2022","2022","","","",""
"TM","Matrices du commerce détaillées","FRA","France","BHR","Bahreïn","5910","Exportations - quantité","21121","Viande, poulet, fraîche ou réfrigérée","2022","2022","tonnes","357.1","A","Chiffre officiel"
"TM","Matrices du commerce détaillées","FRA","France","BHR","Bahreïn","5922","Exportations - valeur","21121","Viande, poulet, fraîche ou réfrigérée","2022","2022","1000 USD","848","A","Chiffre officiel"
"TM","Matrices du commerce détaillées","FRA","France","BGD","Bangladesh","5910","Exportations - quantité","21121","Viande, poulet, fraîche ou réfrigérée","2022","2022","","","",""
"TM","Matrices du commerce détaillées","FRA","France","BGD","Bangladesh","5922","Exportations - valeur","21121","Viande, poulet, fraîche ou réfrigérée","2022","2022","","","",""
"TM","Matrices du commerce détaillées","FRA","France","BRB","Barbade","5910","Exportations - quantité","21121","Viande, poulet, fraîche ou réfrigérée","2022","2022","","","",""
"TM","Matrices du commerce détaillées","FRA","France","BRB","Barbade","5922","Exportations - valeur","21121","Viande, poulet, fraîche ou réfrigérée","2022","2022","","","",""
"TM","Matrices du commerce détaillées","FRA","France","BLR","Bélarus","5910","Exportations - quantité","21121","Viande, poulet, fraîche ou réfrigérée","2022","2022","","","",""
"TM","Matrices du commerce détaillées","FRA","France","BLR","Bélarus","5922","Exportations - valeur","21121","Viande, poulet, fraîche ou réfrigérée","2022","2022","","","",""
"TM","Matrices du commerce détaillées","FRA","France","BEL","Belgique","5910","Exportations - quantité","21121","Viande, poulet, fraîche ou réfrigérée","2022","2022","tonnes","29989.53","A","Chiffre officiel"
"TM","Matrices du commerce détaillées","FRA","France","BEL","Belgique","5922","Exportations - valeur","21121","Viande, poulet, fraîche ou réfrigérée","2022","2022","1000 USD","72685","A","Chiffre officiel"
"TM","Matrices du commerce détaillées","FRA","France","F15","Belgique-Luxembourg","5910","Exportations - quantité","21121","Viande, poulet, fraîche ou réfrigérée","2022","2022","","","",""
"TM","Matrices du commerce détaillées","FRA","France","F15","Belgique-Luxembourg","5922","Exportations - valeur","21121","Viande, poulet, fraîche ou réfrigérée","2022","2022","","","",""
"TM","Matrices du commerce détaillées","FRA","France","BLZ","Belize","5910","Exportations - quantité","21121","Viande, poulet, fraîche ou réfrigérée","2022","2022","","","",""
"TM","Matrices du commerce détaillées","FRA","France","BLZ","Belize","5922","Exportations - valeur","21121","Viande, poulet, fraîche ou réfrigérée","2022","2022","","","",""
"TM","Matrices du commerce détaillées","FRA","France","BEN","Bénin","5910","Exportations - quantité","21121","Viande, poulet, fraîche ou réfrigérée","2022","2022","tonnes","2425.84","A","Chiffre officiel"
"TM","Matrices du commerce détaillées","FRA","France","BEN","Bénin","5922","Exportations - valeur","21121","Viande, poulet, fraîche ou réfrigérée","2022","2022","1000 USD","3170","A","Chiffre officiel"
"TM","Matrices du commerce détaillées","FRA","France","BTN","Bhoutan","5910","Exportations - quantité","21121","Viande, poulet, fraîche ou réfrigérée","2022","2022","","","",""
"TM","Matrices du commerce détaillées","FRA","France","BTN","Bhoutan","5922","Exportations - valeur","21121","Viande, poulet, fraîche ou réfrigérée","2022","2022","","","",""
"TM","Matrices du commerce détaillées","FRA","France","BOL","Bolivie (État plurinational de)","5910","Exportations - quantité","21121","Viande, poulet, fraîche ou réfrigérée","2022","2022","","","",""
"TM","Matrices du commerce détaillées","FRA","France","BOL","Bolivie (État plurinational de)","5922","Exportations - valeur","21121","Viande, poulet, fraîche ou réfrigérée","2022","2022","","","",""
"TM","Matrices du commerce détaillées","FRA","France","BIH","Bosnie-Herzégovine","5910","Exportations - quantité","21121","Viande, poulet, fraîche ou réfrigérée","2022","2022","","","",""
"TM","Matrices du commerce détaillées","FRA","France","BIH","Bosnie-Herzégovine","5922","Exportations - valeur","21121","Viande, poulet, fraîche ou réfrigérée","2022","2022","","","",""
"TM","Matrices du commerce détaillées","FRA","France","BWA","Botswana","5910","Exportations - quantité","21121","Viande, poulet, fraîche ou réfrigérée","2022","2022","","","",""
"TM","Matrices du commerce détaillées","FRA","France","BWA","Botswana","5922","Exportations - valeur","21121","Viande, poulet, fraîche ou réfrigérée","2022","2022","","","",""
"TM","Matrices du commerce détaillées","FRA","France","BRA","Brésil","5910","Exportations - quantité","21121","Viande, poulet, fraîche ou réfrigérée","2022","2022","","","",""
"TM","Matrices du commerce détaillées","FRA","France","BRA","Brésil","5922","Exportations - valeur","21121","Viande, poulet, fraîche ou réfrigérée","2022","2022","","","",""
"TM","Matrices du commerce détaillées","FRA","France","BRN","Brunéi Darussalam","5910","Exportations - quantité","21121","Viande, poulet, fraîche ou réfrigérée","2022","2022","","","",""
"TM","Matrices du commerce détaillées","FRA","France","BRN","Brunéi Darussalam","5922","Exportations - valeur","21121","Viande, poulet, fraîche ou réfrigérée","2022","2022","","","",""
"TM","Matrices du commerce détaillées","FRA","France","BGR","Bulgarie","5910","Exportations - quantité","21121","Viande, poulet, fraîche ou réfrigérée","2022","2022","tonnes","383.79","A","Chiffre officiel"
"TM","Matrices du commerce détaillées","FRA","France","BGR","Bulgarie","5922","Exportations - valeur","21121","Viande, poulet, fraîche ou réfrigérée","2022","2022","1000 USD","600","A","Chiffre officiel"
"TM","Matrices du commerce détaillées","FRA","France","BFA","Burkina Faso","5910","Exportations - quantité","21121","Viande, poulet, fraîche ou réfrigérée","2022","2022","tonnes","5.54","A","Chiffre officiel"
"TM","Matrices du commerce détaillées","FRA","France","BFA","Burkina Faso","5922","Exportations - valeur","21121","Viande, poulet, fraîche ou réfrigérée","2022","2022","1000 USD","22","A","Chiffre officiel"
"TM","Matrices du commerce détaillées","FRA","France","BDI","Burundi","5910","Exportations - quantité","21121","Viande, poulet, fraîche ou réfrigérée","2022","2022","","","",""
"TM","Matrices du commerce détaillées","FRA","France","BDI","Burundi","5922","Exportations - valeur","21121","Viande, poulet, fraîche ou réfrigérée","2022","2022","","","",""
"TM","Matrices du commerce détaillées","FRA","France","CPV","Cabo Verde","5910","Exportations - quantité","21121","Viande, poulet, fraîche ou réfrigérée","2022","2022","tonnes","51.39","A","Chiffre officiel"
"TM","Matrices du commerce détaillées","FRA","France","CPV","Cabo Verde","5922","Exportations - valeur","21121","Viande, poulet, fraîche ou réfrigérée","2022","2022","1000 USD","90","A","Chiffre officiel"
"TM","Matrices du commerce détaillées","FRA","France","KHM","Cambodge","5910","Exportations - quantité","21121","Viande, poulet, fraîche ou réfrigérée","2022","2022","tonnes","0.07","A","Chiffre officiel"
"TM","Matrices du commerce détaillées","FRA","France","KHM","Cambodge","5922","Exportations - valeur","21121","Viande, poulet, fraîche ou réfrigérée","2022","2022","1000 USD","3","A","Chiffre officiel"
"TM","Matrices du commerce détaillées","FRA","France","CMR","Cameroun","5910","Exportations - quantité","21121","Viande, poulet, fraîche ou réfrigérée","2022","2022","tonnes","165.33","A","Chiffre officiel"
"TM","Matrices du commerce détaillées","FRA","France","CMR","Cameroun","5922","Exportations - valeur","21121","Viande, poulet, fraîche ou réfrigérée","2022","2022","1000 USD","396","A","Chiffre officiel"
"TM","Matrices du commerce détaillées","FRA","France","CAN","Canada","5910","Exportations - quantité","21121","Viande, poulet, fraîche ou réfrigérée","2022","2022","tonnes","26.52","A","Chiffre officiel"
"TM","Matrices du commerce détaillées","FRA","France","CAN","Canada","5922","Exportations - valeur","21121","Viande, poulet, fraîche ou réfrigérée","2022","2022","1000 USD","19","A","Chiffre officiel"
"TM","Matrices du commerce détaillées","FRA","France","CHL","Chili","5910","Exportations - quantité","21121","Viande, poulet, fraîche ou réfrigérée","2022","2022","","","",""
"TM","Matrices du commerce détaillées","FRA","France","CHL","Chili","5922","Exportations - valeur","21121","Viande, poulet, fraîche ou réfrigérée","2022","2022","","","",""
"TM","Matrices du commerce détaillées","FRA","France","HKG","Chine - RAS de Hong-Kong","5910","Exportations - quantité","21121","Viande, poulet, fraîche ou réfrigérée","2022","2022","tonnes","1021.55","A","Chiffre officiel"
"TM","Matrices du commerce détaillées","FRA","France","HKG","Chine - RAS de Hong-Kong","5922","Exportations - valeur","21121","Viande, poulet, fraîche ou réfrigérée","2022","2022","1000 USD","3629","A","Chiffre officiel"
"TM","Matrices du commerce détaillées","FRA","France","MAC","Chine - RAS de Macao","5910","Exportations - quantité","21121","Viande, poulet, fraîche ou réfrigérée","2022","2022","tonnes","0.16","A","Chiffre officiel"
"TM","Matrices du commerce détaillées","FRA","France","MAC","Chine - RAS de Macao","5922","Exportations - valeur","21121","Viande, poulet, fraîche ou réfrigérée","2022","2022","1000 USD","2","A","Chiffre officiel"
"TM","Matrices du commerce détaillées","FRA","France","CHN","Chine, continentale","5910","Exportations - quantité","21121","Viande, poulet, fraîche ou réfrigérée","2022","2022","tonnes","25.18","A","Chiffre officiel"
"TM","Matrices du commerce détaillées","FRA","France","CHN","Chine, continentale","5922","Exportations - valeur","21121","Viande, poulet, fraîche ou réfrigérée","2022","2022","1000 USD","52","A","Chiffre officiel"
"TM","Matrices du commerce détaillées","FRA","France","TWN","Chine, Taiwan Province de","5910","Exportations - quantité","21121","Viande, poulet, fraîche ou réfrigérée","2022","2022","","","",""
"TM","Matrices du commerce détaillées","FRA","France","TWN","Chine, Taiwan Province de","5922","Exportations - valeur","21121","Viande, poulet, fraîche ou réfrigérée","2022","2022","","","",""
"TM","Matrices du commerce détaillées","FRA","France","CYP","Chypre","5910","Exportations - quantité","21121","Viande, poulet, fraîche ou réfrigérée","2022","2022","tonnes","23.53","A","Chiffre officiel"
"TM","Matrices du commerce détaillées","FRA","France","CYP","Chypre","5922","Exportations - valeur","21121","Viande, poulet, fraîche ou réfrigérée","2022","2022","1000 USD","169","A","Chiffre officiel"
"TM","Matrices du commerce détaillées","FRA","France","COL","Colombie","5910","Exportations - quantité","21121","Viande, poulet, fraîche ou réfrigérée","2022","2022","","","",""
"TM","Matrices du commerce détaillées","FRA","France","COL","Colombie","5922","Exportations - valeur","21121","Viande, poulet, fraîche ou réfrigérée","2022","2022","","","",""
"TM","Matrices du commerce détaillées","FRA","France","COM","Comores","5910","Exportations - quantité","21121","Viande, poulet, fraîche ou réfrigérée","2022","2022","tonnes","941.46","A","Chiffre officiel"
"TM","Matrices du commerce détaillées","FRA","France","COM","Comores","5922","Exportations - valeur","21121","Viande, poulet, fraîche ou réfrigérée","2022","2022","1000 USD","1406","A","Chiffre officiel"
"TM","Matrices du commerce détaillées","FRA","France","COG","Congo","5910","Exportations - quantité","21121","Viande, poulet, fraîche ou réfrigérée","2022","2022","tonnes","2974.74","A","Chiffre officiel"
"TM","Matrices du commerce détaillées","FRA","France","COG","Congo","5922","Exportations - valeur","21121","Viande, poulet, fraîche ou réfrigérée","2022","2022","1000 USD","4204","A","Chiffre officiel"
"TM","Matrices du commerce détaillées","FRA","France","CRI","Costa Rica","5910","Exportations - quantité","21121","Viande, poulet, fraîche ou réfrigérée","2022","2022","","","",""
"TM","Matrices du commerce détaillées","FRA","France","CRI","Costa Rica","5922","Exportations - valeur","21121","Viande, poulet, fraîche ou réfrigérée","2022","2022","","","",""
"TM","Matrices du commerce détaillées","FRA","France","CIV","Côte d'Ivoire","5910","Exportations - quantité","21121","Viande, poulet, fraîche ou réfrigérée","2022","2022","tonnes","70.09","A","Chiffre officiel"
"TM","Matrices du commerce détaillées","FRA","France","CIV","Côte d'Ivoire","5922","Exportations - valeur","21121","Viande, poulet, fraîche ou réfrigérée","2022","2022","1000 USD","187","A","Chiffre officiel"
"TM","Matrices du commerce détaillées","FRA","France","HRV","Croatie","5910","Exportations - quantité","21121","Viande, poulet, fraîche ou réfrigérée","2022","2022","tonnes","99.99","A","Chiffre officiel"
"TM","Matrices du commerce détaillées","FRA","France","HRV","Croatie","5922","Exportations - valeur","21121","Viande, poulet, fraîche ou réfrigérée","2022","2022","1000 USD","101","A","Chiffre officiel"
"TM","Matrices du commerce détaillées","FRA","France","CUB","Cuba","5910","Exportations - quantité","21121","Viande, poulet, fraîche ou réfrigérée","2022","2022","","","",""
"TM","Matrices du commerce détaillées","FRA","France","CUB","Cuba","5922","Exportations - valeur","21121","Viande, poulet, fraîche ou réfrigérée","2022","2022","","","",""
"TM","Matrices du commerce détaillées","FRA","France","DNK","Danemark","5910","Exportations - quantité","21121","Viande, poulet, fraîche ou réfrigérée","2022","2022","tonnes","2185.99","A","Chiffre officiel"
"TM","Matrices du commerce détaillées","FRA","France","DNK","Danemark","5922","Exportations - valeur","21121","Viande, poulet, fraîche ou réfrigérée","2022","2022","1000 USD","9304","A","Chiffre officiel"
"TM","Matrices du commerce détaillées","FRA","France","DJI","Djibouti","5910","Exportations - quantité","21121","Viande, poulet, fraîche ou réfrigérée","2022","2022","tonnes","35.58","A","Chiffre officiel"
"TM","Matrices du commerce détaillées","FRA","France","DJI","Djibouti","5922","Exportations - valeur","21121","Viande, poulet, fraîche ou réfrigérée","2022","2022","1000 USD","142","A","Chiffre officiel"
"TM","Matrices du commerce détaillées","FRA","France","DMA","Dominique","5910","Exportations - quantité","21121","Viande, poulet, fraîche ou réfrigérée","2022","2022","","","",""
"TM","Matrices du commerce détaillées","FRA","France","DMA","Dominique","5922","Exportations - valeur","21121","Viande, poulet, fraîche ou réfrigérée","2022","2022","","","",""
"TM","Matrices du commerce détaillées","FRA","France","EGY","Égypte","5910","Exportations - quantité","21121","Viande, poulet, fraîche ou réfrigérée","2022","2022","","","",""
"TM","Matrices du commerce détaillées","FRA","France","EGY","Égypte","5922","Exportations - valeur","21121","Viande, poulet, fraîche ou réfrigérée","2022","2022","","","",""
"TM","Matrices du commerce détaillées","FRA","France","SLV","El Salvador","5910","Exportations - quantité","21121","Viande, poulet, fraîche ou réfrigérée","2022","2022","","","",""
"TM","Matrices du commerce détaillées","FRA","France","SLV","El Salvador","5922","Exportations - valeur","21121","Viande, poulet, fraîche ou réfrigérée","2022","2022","","","",""
"TM","Matrices du commerce détaillées","FRA","France","ARE","Émirats arabes unis","5910","Exportations - quantité","21121","Viande, poulet, fraîche ou réfrigérée","2022","2022","tonnes","6097","A","Chiffre officiel"
"TM","Matrices du commerce détaillées","FRA","France","ARE","Émirats arabes unis","5922","Exportations - valeur","21121","Viande, poulet, fraîche ou réfrigérée","2022","2022","1000 USD","12840","A","Chiffre officiel"
"TM","Matrices du commerce détaillées","FRA","France","ECU","Équateur","5910","Exportations - quantité","21121","Viande, poulet, fraîche ou réfrigérée","2022","2022","","","",""
"TM","Matrices du commerce détaillées","FRA","France","ECU","Équateur","5922","Exportations - valeur","21121","Viande, poulet, fraîche ou réfrigérée","2022","2022","","","",""
"TM","Matrices du commerce détaillées","FRA","France","ERI","Érythrée","5910","Exportations - quantité","21121","Viande, poulet, fraîche ou réfrigérée","2022","2022","","","",""
"TM","Matrices du commerce détaillées","FRA","France","ERI","Érythrée","5922","Exportations - valeur","21121","Viande, poulet, fraîche ou réfrigérée","2022","2022","","","",""
"TM","Matrices du commerce détaillées","FRA","France","ESP","Espagne","5910","Exportations - quantité","21121","Viande, poulet, fraîche ou réfrigérée","2022","2022","tonnes","15162.63","A","Chiffre officiel"
"TM","Matrices du commerce détaillées","FRA","France","ESP","Espagne","5922","Exportations - valeur","21121","Viande, poulet, fraîche ou réfrigérée","2022","2022","1000 USD","24625","A","Chiffre officiel"
"TM","Matrices du commerce détaillées","FRA","France","EST","Estonie","5910","Exportations - quantité","21121","Viande, poulet, fraîche ou réfrigérée","2022","2022","tonnes","122.22","A","Chiffre officiel"
"TM","Matrices du commerce détaillées","FRA","France","EST","Estonie","5922","Exportations - valeur","21121","Viande, poulet, fraîche ou réfrigérée","2022","2022","1000 USD","272","A","Chiffre officiel"
"TM","Matrices du commerce détaillées","FRA","France","SWZ","Eswatini","5910","Exportations - quantité","21121","Viande, poulet, fraîche ou réfrigérée","2022","2022","","","",""
"TM","Matrices du commerce détaillées","FRA","France","SWZ","Eswatini","5922","Exportations - valeur","21121","Viande, poulet, fraîche ou réfrigérée","2022","2022","","","",""
"TM","Matrices du commerce détaillées","FRA","France","USA","États-Unis d'Amérique","5910","Exportations - quantité","21121","Viande, poulet, fraîche ou réfrigérée","2022","2022","tonnes","1.28","A","Chiffre officiel"
"TM","Matrices du commerce détaillées","FRA","France","USA","États-Unis d'Amérique","5922","Exportations - valeur","21121","Viande, poulet, fraîche ou réfrigérée","2022","2022","1000 USD","12","A","Chiffre officiel"
"TM","Matrices du commerce détaillées","FRA","France","ETH","Éthiopie","5910","Exportations - quantité","21121","Viande, poulet, fraîche ou réfrigérée","2022","2022","tonnes","3.14","A","Chiffre officiel"
"TM","Matrices du commerce détaillées","FRA","France","ETH","Éthiopie","5922","Exportations - valeur","21121","Viande, poulet, fraîche ou réfrigérée","2022","2022","1000 USD","10","A","Chiffre officiel"
"TM","Matrices du commerce détaillées","FRA","France","F62","Éthiopie RDP","5910","Exportations - quantité","21121","Viande, poulet, fraîche ou réfrigérée","2022","2022","","","",""
"TM","Matrices du commerce détaillées","FRA","France","F62","Éthiopie RDP","5922","Exportations - valeur","21121","Viande, poulet, fraîche ou réfrigérée","2022","2022","","","",""
"TM","Matrices du commerce détaillées","FRA","France","RUS","Fédération de Russie","5910","Exportations - quantité","21121","Viande, poulet, fraîche ou réfrigérée","2022","2022","","","",""
"TM","Matrices du commerce détaillées","FRA","France","RUS","Fédération de Russie","5922","Exportations - valeur","21121","Viande, poulet, fraîche ou réfrigérée","2022","2022","","","",""
"TM","Matrices du commerce détaillées","FRA","France","FJI","Fidji","5910","Exportations - quantité","21121","Viande, poulet, fraîche ou réfrigérée","2022","2022","","","",""
"TM","Matrices du commerce détaillées","FRA","France","FJI","Fidji","5922","Exportations - valeur","21121","Viande, poulet, fraîche ou réfrigérée","2022","2022","","","",""
"TM","Matrices du commerce détaillées","FRA","France","FIN","Finlande","5910","Exportations - quantité","21121","Viande, poulet, fraîche ou réfrigérée","2022","2022","tonnes","44.5","A","Chiffre officiel"
"TM","Matrices du commerce détaillées","FRA","France","FIN","Finlande","5922","Exportations - valeur","21121","Viande, poulet, fraîche ou réfrigérée","2022","2022","1000 USD","224","A","Chiffre officiel"
"TM","Matrices du commerce détaillées","FRA","France","FRA","France","5910","Exportations - quantité","21121","Viande, poulet, fraîche ou réfrigérée","2022","2022","","","",""
"TM","Matrices du commerce détaillées","FRA","France","FRA","France","5922","Exportations - valeur","21121","Viande, poulet, fraîche ou réfrigérée","2022","2022","","","",""
"TM","Matrices du commerce détaillées","FRA","France","GAB","Gabon","5910","Exportations - quantité","21121","Viande, poulet, fraîche ou réfrigérée","2022","2022","tonnes","1515.27","A","Chiffre officiel"
"TM","Matrices du commerce détaillées","FRA","France","GAB","Gabon","5922","Exportations - valeur","21121","Viande, poulet, fraîche ou réfrigérée","2022","2022","1000 USD","2588","A","Chiffre officiel"
"TM","Matrices du commerce détaillées","FRA","France","GMB","Gambie","5910","Exportations - quantité","21121","Viande, poulet, fraîche ou réfrigérée","2022","2022","tonnes","2.53","A","Chiffre officiel"
"TM","Matrices du commerce détaillées","FRA","France","GMB","Gambie","5922","Exportations - valeur","21121","Viande, poulet, fraîche ou réfrigérée","2022","2022","1000 USD","6","A","Chiffre officiel"
"TM","Matrices du commerce détaillées","FRA","France","GEO","Géorgie","5910","Exportations - quantité","21121","Viande, poulet, fraîche ou réfrigérée","2022","2022","tonnes","1375.97","A","Chiffre officiel"
"TM","Matrices du commerce détaillées","FRA","France","GEO","Géorgie","5922","Exportations - valeur","21121","Viande, poulet, fraîche ou réfrigérée","2022","2022","1000 USD","1091","A","Chiffre officiel"
"TM","Matrices du commerce détaillées","FRA","France","SGS","Géorgie du Sud-et-Îles Sandwich du Sud","5910","Exportations - quantité","21121","Viande, poulet, fraîche ou réfrigérée","2022","2022","","","",""
"TM","Matrices du commerce détaillées","FRA","France","SGS","Géorgie du Sud-et-Îles Sandwich du Sud","5922","Exportations - valeur","21121","Viande, poulet, fraîche ou réfrigérée","2022","2022","","","",""
"TM","Matrices du commerce détaillées","FRA","France","GHA","Ghana","5910","Exportations - quantité","21121","Viande, poulet, fraîche ou réfrigérée","2022","2022","tonnes","621.09","A","Chiffre officiel"
"TM","Matrices du commerce détaillées","FRA","France","GHA","Ghana","5922","Exportations - valeur","21121","Viande, poulet, fraîche ou réfrigérée","2022","2022","1000 USD","460","A","Chiffre officiel"
"TM","Matrices du commerce détaillées","FRA","France","GRC","Grèce","5910","Exportations - quantité","21121","Viande, poulet, fraîche ou réfrigérée","2022","2022","tonnes","723.99","A","Chiffre officiel"
"TM","Matrices du commerce détaillées","FRA","France","GRC","Grèce","5922","Exportations - valeur","21121","Viande, poulet, fraîche ou réfrigérée","2022","2022","1000 USD","3024","A","Chiffre officiel"
"TM","Matrices du commerce détaillées","FRA","France","GRD","Grenade","5910","Exportations - quantité","21121","Viande, poulet, fraîche ou réfrigérée","2022","2022","","","",""
"TM","Matrices du commerce détaillées","FRA","France","GRD","Grenade","5922","Exportations - valeur","21121","Viande, poulet, fraîche ou réfrigérée","2022","2022","","","",""
"TM","Matrices du commerce détaillées","FRA","France","GLP","Guadeloupe","5910","Exportations - quantité","21121","Viande, poulet, fraîche ou réfrigérée","2022","2022","","","",""
"TM","Matrices du commerce détaillées","FRA","France","GLP","Guadeloupe","5922","Exportations - valeur","21121","Viande, poulet, fraîche ou réfrigérée","2022","2022","","","",""
"TM","Matrices du commerce détaillées","FRA","France","GTM","Guatemala","5910","Exportations - quantité","21121","Viande, poulet, fraîche ou réfrigérée","2022","2022","","","",""
"TM","Matrices du commerce détaillées","FRA","France","GTM","Guatemala","5922","Exportations - valeur","21121","Viande, poulet, fraîche ou réfrigérée","2022","2022","","","",""
"TM","Matrices du commerce détaillées","FRA","France","GIN","Guinée","5910","Exportations - quantité","21121","Viande, poulet, fraîche ou réfrigérée","2022","2022","tonnes","1215.54","A","Chiffre officiel"
"TM","Matrices du commerce détaillées","FRA","France","GIN","Guinée","5922","Exportations - valeur","21121","Viande, poulet, fraîche ou réfrigérée","2022","2022","1000 USD","1702","A","Chiffre officiel"
"TM","Matrices du commerce détaillées","FRA","France","GNQ","Guinée équatoriale","5910","Exportations - quantité","21121","Viande, poulet, fraîche ou réfrigérée","2022","2022","tonnes","256.43","A","Chiffre officiel"
"TM","Matrices du commerce détaillées","FRA","France","GNQ","Guinée équatoriale","5922","Exportations - valeur","21121","Viande, poulet, fraîche ou réfrigérée","2022","2022","1000 USD","447","A","Chiffre officiel"
"TM","Matrices du commerce détaillées","FRA","France","GNB","Guinée-Bissau","5910","Exportations - quantité","21121","Viande, poulet, fraîche ou réfrigérée","2022","2022","","","",""
"TM","Matrices du commerce détaillées","FRA","France","GNB","Guinée-Bissau","5922","Exportations - valeur","21121","Viande, poulet, fraîche ou réfrigérée","2022","2022","","","",""
"TM","Matrices du commerce détaillées","FRA","France","GUY","Guyana","5910","Exportations - quantité","21121","Viande, poulet, fraîche ou réfrigérée","2022","2022","","","",""
"TM","Matrices du commerce détaillées","FRA","France","GUY","Guyana","5922","Exportations - valeur","21121","Viande, poulet, fraîche ou réfrigérée","2022","2022","","","",""
"TM","Matrices du commerce détaillées","FRA","France","GUF","Guyane française","5910","Exportations - quantité","21121","Viande, poulet, fraîche ou réfrigérée","2022","2022","","","",""
"TM","Matrices du commerce détaillées","FRA","France","GUF","Guyane française","5922","Exportations - valeur","21121","Viande, poulet, fraîche ou réfrigérée","2022","2022","","","",""
"TM","Matrices du commerce détaillées","FRA","France","HTI","Haïti","5910","Exportations - quantité","21121","Viande, poulet, fraîche ou réfrigérée","2022","2022","","","",""
"TM","Matrices du commerce détaillées","FRA","France","HTI","Haïti","5922","Exportations - valeur","21121","Viande, poulet, fraîche ou réfrigérée","2022","2022","","","",""
"TM","Matrices du commerce détaillées","FRA","France","HND","Honduras","5910","Exportations - quantité","21121","Viande, poulet, fraîche ou réfrigérée","2022","2022","","","",""
"TM","Matrices du commerce détaillées","FRA","France","HND","Honduras","5922","Exportations - valeur","21121","Viande, poulet, fraîche ou réfrigérée","2022","2022","","","",""
"TM","Matrices du commerce détaillées","FRA","France","HUN","Hongrie","5910","Exportations - quantité","21121","Viande, poulet, fraîche ou réfrigérée","2022","2022","tonnes","911.19","A","Chiffre officiel"
"TM","Matrices du commerce détaillées","FRA","France","HUN","Hongrie","5922","Exportations - valeur","21121","Viande, poulet, fraîche ou réfrigérée","2022","2022","1000 USD","2059","A","Chiffre officiel"
"TM","Matrices du commerce détaillées","FRA","France","BVT","Île Bouvet","5910","Exportations - quantité","21121","Viande, poulet, fraîche ou réfrigérée","2022","2022","","","",""
"TM","Matrices du commerce détaillées","FRA","France","BVT","Île Bouvet","5922","Exportations - valeur","21121","Viande, poulet, fraîche ou réfrigérée","2022","2022","","","",""
"TM","Matrices du commerce détaillées","FRA","France","JTN","Île Johnston","5910","Exportations - quantité","21121","Viande, poulet, fraîche ou réfrigérée","2022","2022","","","",""
"TM","Matrices du commerce détaillées","FRA","France","JTN","Île Johnston","5922","Exportations - valeur","21121","Viande, poulet, fraîche ou réfrigérée","2022","2022","","","",""
"TM","Matrices du commerce détaillées","FRA","France","MID","Île Midway","5910","Exportations - quantité","21121","Viande, poulet, fraîche ou réfrigérée","2022","2022","","","",""
"TM","Matrices du commerce détaillées","FRA","France","MID","Île Midway","5922","Exportations - valeur","21121","Viande, poulet, fraîche ou réfrigérée","2022","2022","","","",""
"TM","Matrices du commerce détaillées","FRA","France","34","Iles Canton et Enderbury","5910","Exportations - quantité","21121","Viande, poulet, fraîche ou réfrigérée","2022","2022","","","",""
"TM","Matrices du commerce détaillées","FRA","France","34","Iles Canton et Enderbury","5922","Exportations - valeur","21121","Viande, poulet, fraîche ou réfrigérée","2022","2022","","","",""
"TM","Matrices du commerce détaillées","FRA","France","COK","Îles Cook","5910","Exportations - quantité","21121","Viande, poulet, fraîche ou réfrigérée","2022","2022","","","",""
"TM","Matrices du commerce détaillées","FRA","France","COK","Îles Cook","5922","Exportations - valeur","21121","Viande, poulet, fraîche ou réfrigérée","2022","2022","","","",""
"TM","Matrices du commerce détaillées","FRA","France","FRO","Îles Féroé","5910","Exportations - quantité","21121","Viande, poulet, fraîche ou réfrigérée","2022","2022","","","",""
"TM","Matrices du commerce détaillées","FRA","France","FRO","Îles Féroé","5922","Exportations - valeur","21121","Viande, poulet, fraîche ou réfrigérée","2022","2022","","","",""
"TM","Matrices du commerce détaillées","FRA","France","HMD","Île Heard et Îles McDonald","5910","Exportations - quantité","21121","Viande, poulet, fraîche ou réfrigérée","2022","2022","","","",""
"TM","Matrices du commerce détaillées","FRA","France","HMD","Île Heard et Îles McDonald","5922","Exportations - valeur","21121","Viande, poulet, fraîche ou réfrigérée","2022","2022","","","",""
"TM","Matrices du commerce détaillées","FRA","France","MHL","Îles Marshall","5910","Exportations - quantité","21121","Viande, poulet, fraîche ou réfrigérée","2022","2022","","","",""
"TM","Matrices du commerce détaillées","FRA","France","MHL","Îles Marshall","5922","Exportations - valeur","21121","Viande, poulet, fraîche ou réfrigérée","2022","2022","","","",""
"TM","Matrices du commerce détaillées","FRA","France","UMI","Îles mineures éloignées des États-Unis","5910","Exportations - quantité","21121","Viande, poulet, fraîche ou réfrigérée","2022","2022","","","",""
"TM","Matrices du commerce détaillées","FRA","France","UMI","Îles mineures éloignées des États-Unis","5922","Exportations - valeur","21121","Viande, poulet, fraîche ou réfrigérée","2022","2022","","","",""
"TM","Matrices du commerce détaillées","FRA","France","SLB","Îles Salomon","5910","Exportations - quantité","21121","Viande, poulet, fraîche ou réfrigérée","2022","2022","","","",""
"TM","Matrices du commerce détaillées","FRA","France","SLB","Îles Salomon","5922","Exportations - valeur","21121","Viande, poulet, fraîche ou réfrigérée","2022","2022","","","",""
"TM","Matrices du commerce détaillées","FRA","France","SJM","Îles Svalbard-et-Jan Mayen","5910","Exportations - quantité","21121","Viande, poulet, fraîche ou réfrigérée","2022","2022","","","",""
"TM","Matrices du commerce détaillées","FRA","France","SJM","Îles Svalbard-et-Jan Mayen","5922","Exportations - valeur","21121","Viande, poulet, fraîche ou réfrigérée","2022","2022","","","",""
"TM","Matrices du commerce détaillées","FRA","France","WAK","Îles Wake","5910","Exportations - quantité","21121","Viande, poulet, fraîche ou réfrigérée","2022","2022","","","",""
"TM","Matrices du commerce détaillées","FRA","France","WAK","Îles Wake","5922","Exportations - valeur","21121","Viande, poulet, fraîche ou réfrigérée","2022","2022","","","",""
"TM","Matrices du commerce détaillées","FRA","France","IND","Inde","5910","Exportations - quantité","21121","Viande, poulet, fraîche ou réfrigérée","2022","2022","","","",""
"TM","Matrices du commerce détaillées","FRA","France","IND","Inde","5922","Exportations - valeur","21121","Viande, poulet, fraîche ou réfrigérée","2022","2022","","","",""
"TM","Matrices du commerce détaillées","FRA","France","IDN","Indonésie","5910","Exportations - quantité","21121","Viande, poulet, fraîche ou réfrigérée","2022","2022","","","",""
"TM","Matrices du commerce détaillées","FRA","France","IDN","Indonésie","5922","Exportations - valeur","21121","Viande, poulet, fraîche ou réfrigérée","2022","2022","","","",""
"TM","Matrices du commerce détaillées","FRA","France","IRN","Iran (République islamique d')","5910","Exportations - quantité","21121","Viande, poulet, fraîche ou réfrigérée","2022","2022","","","",""
"TM","Matrices du commerce détaillées","FRA","France","IRN","Iran (République islamique d')","5922","Exportations - valeur","21121","Viande, poulet, fraîche ou réfrigérée","2022","2022","","","",""
"TM","Matrices du commerce détaillées","FRA","France","IRQ","Iraq","5910","Exportations - quantité","21121","Viande, poulet, fraîche ou réfrigérée","2022","2022","","","",""
"TM","Matrices du commerce détaillées","FRA","France","IRQ","Iraq","5922","Exportations - valeur","21121","Viande, poulet, fraîche ou réfrigérée","2022","2022","","","",""
"TM","Matrices du commerce détaillées","FRA","France","IRL","Irlande","5910","Exportations - quantité","21121","Viande, poulet, fraîche ou réfrigérée","2022","2022","tonnes","141.4","A","Chiffre officiel"
"TM","Matrices du commerce détaillées","FRA","France","IRL","Irlande","5922","Exportations - valeur","21121","Viande, poulet, fraîche ou réfrigérée","2022","2022","1000 USD","565","A","Chiffre officiel"
"TM","Matrices du commerce détaillées","FRA","France","ISL","Islande","5910","Exportations - quantité","21121","Viande, poulet, fraîche ou réfrigérée","2022","2022","tonnes","20.99","A","Chiffre officiel"
"TM","Matrices du commerce détaillées","FRA","France","ISL","Islande","5922","Exportations - valeur","21121","Viande, poulet, fraîche ou réfrigérée","2022","2022","1000 USD","77","A","Chiffre officiel"
"TM","Matrices du commerce détaillées","FRA","France","ISR","Israël","5910","Exportations - quantité","21121","Viande, poulet, fraîche ou réfrigérée","2022","2022","","","",""
"TM","Matrices du commerce détaillées","FRA","France","ISR","Israël","5922","Exportations - valeur","21121","Viande, poulet, fraîche ou réfrigérée","2022","2022","","","",""
"TM","Matrices du commerce détaillées","FRA","France","ITA","Italie","5910","Exportations - quantité","21121","Viande, poulet, fraîche ou réfrigérée","2022","2022","tonnes","3962.22","A","Chiffre officiel"
"TM","Matrices du commerce détaillées","FRA","France","ITA","Italie","5922","Exportations - valeur","21121","Viande, poulet, fraîche ou réfrigérée","2022","2022","1000 USD","8146","A","Chiffre officiel"
"TM","Matrices du commerce détaillées","FRA","France","JAM","Jamaïque","5910","Exportations - quantité","21121","Viande, poulet, fraîche ou réfrigérée","2022","2022","","","",""
"TM","Matrices du commerce détaillées","FRA","France","JAM","Jamaïque","5922","Exportations - valeur","21121","Viande, poulet, fraîche ou réfrigérée","2022","2022","","","",""
"TM","Matrices du commerce détaillées","FRA","France","JPN","Japon","5910","Exportations - quantité","21121","Viande, poulet, fraîche ou réfrigérée","2022","2022","tonnes","71.22","A","Chiffre officiel"
"TM","Matrices du commerce détaillées","FRA","France","JPN","Japon","5922","Exportations - valeur","21121","Viande, poulet, fraîche ou réfrigérée","2022","2022","1000 USD","406","A","Chiffre officiel"
"TM","Matrices du commerce détaillées","FRA","France","JOR","Jordanie","5910","Exportations - quantité","21121","Viande, poulet, fraîche ou réfrigérée","2022","2022","","","",""
"TM","Matrices du commerce détaillées","FRA","France","JOR","Jordanie","5922","Exportations - valeur","21121","Viande, poulet, fraîche ou réfrigérée","2022","2022","","","",""
"TM","Matrices du commerce détaillées","FRA","France","KAZ","Kazakhstan","5910","Exportations - quantité","21121","Viande, poulet, fraîche ou réfrigérée","2022","2022","","","",""
"TM","Matrices du commerce détaillées","FRA","France","KAZ","Kazakhstan","5922","Exportations - valeur","21121","Viande, poulet, fraîche ou réfrigérée","2022","2022","","","",""
"TM","Matrices du commerce détaillées","FRA","France","KEN","Kenya","5910","Exportations - quantité","21121","Viande, poulet, fraîche ou réfrigérée","2022","2022","","","",""
"TM","Matrices du commerce détaillées","FRA","France","KEN","Kenya","5922","Exportations - valeur","21121","Viande, poulet, fraîche ou réfrigérée","2022","2022","","","",""
"TM","Matrices du commerce détaillées","FRA","France","KGZ","Kirghizistan","5910","Exportations - quantité","21121","Viande, poulet, fraîche ou réfrigérée","2022","2022","","","",""
"TM","Matrices du commerce détaillées","FRA","France","KGZ","Kirghizistan","5922","Exportations - valeur","21121","Viande, poulet, fraîche ou réfrigérée","2022","2022","","","",""
"TM","Matrices du commerce détaillées","FRA","France","KIR","Kiribati","5910","Exportations - quantité","21121","Viande, poulet, fraîche ou réfrigérée","2022","2022","","","",""
"TM","Matrices du commerce détaillées","FRA","France","KIR","Kiribati","5922","Exportations - valeur","21121","Viande, poulet, fraîche ou réfrigérée","2022","2022","","","",""
"TM","Matrices du commerce détaillées","FRA","France","KWT","Koweït","5910","Exportations - quantité","21121","Viande, poulet, fraîche ou réfrigérée","2022","2022","tonnes","1476.28","A","Chiffre officiel"
"TM","Matrices du commerce détaillées","FRA","France","KWT","Koweït","5922","Exportations - valeur","21121","Viande, poulet, fraîche ou réfrigérée","2022","2022","1000 USD","3361","A","Chiffre officiel"
"TM","Matrices du commerce détaillées","FRA","France","LSO","Lesotho","5910","Exportations - quantité","21121","Viande, poulet, fraîche ou réfrigérée","2022","2022","","","",""
"TM","Matrices du commerce détaillées","FRA","France","LSO","Lesotho","5922","Exportations - valeur","21121","Viande, poulet, fraîche ou réfrigérée","2022","2022","","","",""
"TM","Matrices du commerce détaillées","FRA","France","LVA","Lettonie","5910","Exportations - quantité","21121","Viande, poulet, fraîche ou réfrigérée","2022","2022","tonnes","220.98","A","Chiffre officiel"
"TM","Matrices du commerce détaillées","FRA","France","LVA","Lettonie","5922","Exportations - valeur","21121","Viande, poulet, fraîche ou réfrigérée","2022","2022","1000 USD","926","A","Chiffre officiel"
"TM","Matrices du commerce détaillées","FRA","France","LBN","Liban","5910","Exportations - quantité","21121","Viande, poulet, fraîche ou réfrigérée","2022","2022","tonnes","8.13","A","Chiffre officiel"
"TM","Matrices du commerce détaillées","FRA","France","LBN","Liban","5922","Exportations - valeur","21121","Viande, poulet, fraîche ou réfrigérée","2022","2022","1000 USD","20","A","Chiffre officiel"
"TM","Matrices du commerce détaillées","FRA","France","LBR","Libéria","5910","Exportations - quantité","21121","Viande, poulet, fraîche ou réfrigérée","2022","2022","tonnes","133","A","Chiffre officiel"
"TM","Matrices du commerce détaillées","FRA","France","LBR","Libéria","5922","Exportations - valeur","21121","Viande, poulet, fraîche ou réfrigérée","2022","2022","1000 USD","132","A","Chiffre officiel"
"TM","Matrices du commerce détaillées","FRA","France","LBY","Libye","5910","Exportations - quantité","21121","Viande, poulet, fraîche ou réfrigérée","2022","2022","tonnes","286.66","A","Chiffre officiel"
"TM","Matrices du commerce détaillées","FRA","France","LBY","Libye","5922","Exportations - valeur","21121","Viande, poulet, fraîche ou réfrigérée","2022","2022","1000 USD","653","A","Chiffre officiel"
"TM","Matrices du commerce détaillées","FRA","France","LTU","Lituanie","5910","Exportations - quantité","21121","Viande, poulet, fraîche ou réfrigérée","2022","2022","tonnes","77.22","A","Chiffre officiel"
"TM","Matrices du commerce détaillées","FRA","France","LTU","Lituanie","5922","Exportations - valeur","21121","Viande, poulet, fraîche ou réfrigérée","2022","2022","1000 USD","83","A","Chiffre officiel"
"TM","Matrices du commerce détaillées","FRA","France","LUX","Luxembourg","5910","Exportations - quantité","21121","Viande, poulet, fraîche ou réfrigérée","2022","2022","tonnes","1630.1","A","Chiffre officiel"
"TM","Matrices du commerce détaillées","FRA","France","LUX","Luxembourg","5922","Exportations - valeur","21121","Viande, poulet, fraîche ou réfrigérée","2022","2022","1000 USD","10547","A","Chiffre officiel"
"TM","Matrices du commerce détaillées","FRA","France","MKD","Macédoine du Nord","5910","Exportations - quantité","21121","Viande, poulet, fraîche ou réfrigérée","2022","2022","tonnes","34.8","A","Chiffre officiel"
"TM","Matrices du commerce détaillées","FRA","France","MKD","Macédoine du Nord","5922","Exportations - valeur","21121","Viande, poulet, fraîche ou réfrigérée","2022","2022","1000 USD","69","A","Chiffre officiel"
"TM","Matrices du commerce détaillées","FRA","France","MDG","Madagascar","5910","Exportations - quantité","21121","Viande, poulet, fraîche ou réfrigérée","2022","2022","tonnes","0.22","A","Chiffre officiel"
"TM","Matrices du commerce détaillées","FRA","France","MDG","Madagascar","5922","Exportations - valeur","21121","Viande, poulet, fraîche ou réfrigérée","2022","2022","1000 USD","2","A","Chiffre officiel"
"TM","Matrices du commerce détaillées","FRA","France","MYS","Malaisie","5910","Exportations - quantité","21121","Viande, poulet, fraîche ou réfrigérée","2022","2022","tonnes","25","A","Chiffre officiel"
"TM","Matrices du commerce détaillées","FRA","France","MYS","Malaisie","5922","Exportations - valeur","21121","Viande, poulet, fraîche ou réfrigérée","2022","2022","1000 USD","47","A","Chiffre officiel"
"TM","Matrices du commerce détaillées","FRA","France","MWI","Malawi","5910","Exportations - quantité","21121","Viande, poulet, fraîche ou réfrigérée","2022","2022","","","",""
"TM","Matrices du commerce détaillées","FRA","France","MWI","Malawi","5922","Exportations - valeur","21121","Viande, poulet, fraîche ou réfrigérée","2022","2022","","","",""
"TM","Matrices du commerce détaillées","FRA","France","MDV","Maldives","5910","Exportations - quantité","21121","Viande, poulet, fraîche ou réfrigérée","2022","2022","tonnes","6.13","A","Chiffre officiel"
"TM","Matrices du commerce détaillées","FRA","France","MDV","Maldives","5922","Exportations - valeur","21121","Viande, poulet, fraîche ou réfrigérée","2022","2022","1000 USD","33","A","Chiffre officiel"
"TM","Matrices du commerce détaillées","FRA","France","MLI","Mali","5910","Exportations - quantité","21121","Viande, poulet, fraîche ou réfrigérée","2022","2022","tonnes","26.86","A","Chiffre officiel"
"TM","Matrices du commerce détaillées","FRA","France","MLI","Mali","5922","Exportations - valeur","21121","Viande, poulet, fraîche ou réfrigérée","2022","2022","1000 USD","228","A","Chiffre officiel"
"TM","Matrices du commerce détaillées","FRA","France","MLT","Malte","5910","Exportations - quantité","21121","Viande, poulet, fraîche ou réfrigérée","2022","2022","tonnes","3.56","A","Chiffre officiel"
"TM","Matrices du commerce détaillées","FRA","France","MLT","Malte","5922","Exportations - valeur","21121","Viande, poulet, fraîche ou réfrigérée","2022","2022","1000 USD","25","A","Chiffre officiel"
"TM","Matrices du commerce détaillées","FRA","France","MAR","Maroc","5910","Exportations - quantité","21121","Viande, poulet, fraîche ou réfrigérée","2022","2022","tonnes","0.05","A","Chiffre officiel"
"TM","Matrices du commerce détaillées","FRA","France","MAR","Maroc","5922","Exportations - valeur","21121","Viande, poulet, fraîche ou réfrigérée","2022","2022","1000 USD","0","A","Chiffre officiel"
"TM","Matrices du commerce détaillées","FRA","France","MTQ","Martinique","5910","Exportations - quantité","21121","Viande, poulet, fraîche ou réfrigérée","2022","2022","","","",""
"TM","Matrices du commerce détaillées","FRA","France","MTQ","Martinique","5922","Exportations - valeur","21121","Viande, poulet, fraîche ou réfrigérée","2022","2022","","","",""
"TM","Matrices du commerce détaillées","FRA","France","MUS","Maurice","5910","Exportations - quantité","21121","Viande, poulet, fraîche ou réfrigérée","2022","2022","tonnes","26.02","A","Chiffre officiel"
"TM","Matrices du commerce détaillées","FRA","France","MUS","Maurice","5922","Exportations - valeur","21121","Viande, poulet, fraîche ou réfrigérée","2022","2022","1000 USD","55","A","Chiffre officiel"
"TM","Matrices du commerce détaillées","FRA","France","MRT","Mauritanie","5910","Exportations - quantité","21121","Viande, poulet, fraîche ou réfrigérée","2022","2022","tonnes","54.64","A","Chiffre officiel"
"TM","Matrices du commerce détaillées","FRA","France","MRT","Mauritanie","5922","Exportations - valeur","21121","Viande, poulet, fraîche ou réfrigérée","2022","2022","1000 USD","180","A","Chiffre officiel"
"TM","Matrices du commerce détaillées","FRA","France","MEX","Mexique","5910","Exportations - quantité","21121","Viande, poulet, fraîche ou réfrigérée","2022","2022","","","",""
"TM","Matrices du commerce détaillées","FRA","France","MEX","Mexique","5922","Exportations - valeur","21121","Viande, poulet, fraîche ou réfrigérée","2022","2022","","","",""
"TM","Matrices du commerce détaillées","FRA","France","FSM","Micronésie (États fédérés de)","5910","Exportations - quantité","21121","Viande, poulet, fraîche ou réfrigérée","2022","2022","","","",""
"TM","Matrices du commerce détaillées","FRA","France","FSM","Micronésie (États fédérés de)","5922","Exportations - valeur","21121","Viande, poulet, fraîche ou réfrigérée","2022","2022","","","",""
"TM","Matrices du commerce détaillées","FRA","France","MCO","Monaco","5910","Exportations - quantité","21121","Viande, poulet, fraîche ou réfrigérée","2022","2022","","","",""
"TM","Matrices du commerce détaillées","FRA","France","MCO","Monaco","5922","Exportations - valeur","21121","Viande, poulet, fraîche ou réfrigérée","2022","2022","","","",""
"TM","Matrices du commerce détaillées","FRA","France","MNG","Mongolie","5910","Exportations - quantité","21121","Viande, poulet, fraîche ou réfrigérée","2022","2022","","","",""
"TM","Matrices du commerce détaillées","FRA","France","MNG","Mongolie","5922","Exportations - valeur","21121","Viande, poulet, fraîche ou réfrigérée","2022","2022","","","",""
"TM","Matrices du commerce détaillées","FRA","France","MNE","Monténégro","5910","Exportations - quantité","21121","Viande, poulet, fraîche ou réfrigérée","2022","2022","","","",""
"TM","Matrices du commerce détaillées","FRA","France","MNE","Monténégro","5922","Exportations - valeur","21121","Viande, poulet, fraîche ou réfrigérée","2022","2022","","","",""
"TM","Matrices du commerce détaillées","FRA","France","MOZ","Mozambique","5910","Exportations - quantité","21121","Viande, poulet, fraîche ou réfrigérée","2022","2022","tonnes","28","A","Chiffre officiel"
"TM","Matrices du commerce détaillées","FRA","France","MOZ","Mozambique","5922","Exportations - valeur","21121","Viande, poulet, fraîche ou réfrigérée","2022","2022","1000 USD","23","A","Chiffre officiel"
"TM","Matrices du commerce détaillées","FRA","France","MMR","Myanmar","5910","Exportations - quantité","21121","Viande, poulet, fraîche ou réfrigérée","2022","2022","","","",""
"TM","Matrices du commerce détaillées","FRA","France","MMR","Myanmar","5922","Exportations - valeur","21121","Viande, poulet, fraîche ou réfrigérée","2022","2022","","","",""
"TM","Matrices du commerce détaillées","FRA","France","NAM","Namibie","5910","Exportations - quantité","21121","Viande, poulet, fraîche ou réfrigérée","2022","2022","","","",""
"TM","Matrices du commerce détaillées","FRA","France","NAM","Namibie","5922","Exportations - valeur","21121","Viande, poulet, fraîche ou réfrigérée","2022","2022","","","",""
"TM","Matrices du commerce détaillées","FRA","France","NRU","Nauru","5910","Exportations - quantité","21121","Viande, poulet, fraîche ou réfrigérée","2022","2022","","","",""
"TM","Matrices du commerce détaillées","FRA","France","NRU","Nauru","5922","Exportations - valeur","21121","Viande, poulet, fraîche ou réfrigérée","2022","2022","","","",""
"TM","Matrices du commerce détaillées","FRA","France","NPL","Népal","5910","Exportations - quantité","21121","Viande, poulet, fraîche ou réfrigérée","2022","2022","","","",""
"TM","Matrices du commerce détaillées","FRA","France","NPL","Népal","5922","Exportations - valeur","21121","Viande, poulet, fraîche ou réfrigérée","2022","2022","","","",""
"TM","Matrices du commerce détaillées","FRA","France","NIC","Nicaragua","5910","Exportations - quantité","21121","Viande, poulet, fraîche ou réfrigérée","2022","2022","","","",""
"TM","Matrices du commerce détaillées","FRA","France","NIC","Nicaragua","5922","Exportations - valeur","21121","Viande, poulet, fraîche ou réfrigérée","2022","2022","","","",""
"TM","Matrices du commerce détaillées","FRA","France","NER","Niger","5910","Exportations - quantité","21121","Viande, poulet, fraîche ou réfrigérée","2022","2022","tonnes","643.39","A","Chiffre officiel"
"TM","Matrices du commerce détaillées","FRA","France","NER","Niger","5922","Exportations - valeur","21121","Viande, poulet, fraîche ou réfrigérée","2022","2022","1000 USD","862","A","Chiffre officiel"
"TM","Matrices du commerce détaillées","FRA","France","NGA","Nigéria","5910","Exportations - quantité","21121","Viande, poulet, fraîche ou réfrigérée","2022","2022","tonnes","1.08","A","Chiffre officiel"
"TM","Matrices du commerce détaillées","FRA","France","NGA","Nigéria","5922","Exportations - valeur","21121","Viande, poulet, fraîche ou réfrigérée","2022","2022","1000 USD","15","A","Chiffre officiel"
"TM","Matrices du commerce détaillées","FRA","France","NIU","Nioué","5910","Exportations - quantité","21121","Viande, poulet, fraîche ou réfrigérée","2022","2022","","","",""
"TM","Matrices du commerce détaillées","FRA","France","NIU","Nioué","5922","Exportations - valeur","21121","Viande, poulet, fraîche ou réfrigérée","2022","2022","","","",""
"TM","Matrices du commerce détaillées","FRA","France","NOR","Norvège","5910","Exportations - quantité","21121","Viande, poulet, fraîche ou réfrigérée","2022","2022","","","",""
"TM","Matrices du commerce détaillées","FRA","France","NOR","Norvège","5922","Exportations - valeur","21121","Viande, poulet, fraîche ou réfrigérée","2022","2022","","","",""
"TM","Matrices du commerce détaillées","FRA","France","NCL","Nouvelle-Calédonie","5910","Exportations - quantité","21121","Viande, poulet, fraîche ou réfrigérée","2022","2022","tonnes","1151.47","A","Chiffre officiel"
"TM","Matrices du commerce détaillées","FRA","France","NCL","Nouvelle-Calédonie","5922","Exportations - valeur","21121","Viande, poulet, fraîche ou réfrigérée","2022","2022","1000 USD","3977","A","Chiffre officiel"
"TM","Matrices du commerce détaillées","FRA","France","NZL","Nouvelle-Zélande","5910","Exportations - quantité","21121","Viande, poulet, fraîche ou réfrigérée","2022","2022","","","",""
"TM","Matrices du commerce détaillées","FRA","France","NZL","Nouvelle-Zélande","5922","Exportations - valeur","21121","Viande, poulet, fraîche ou réfrigérée","2022","2022","","","",""
"TM","Matrices du commerce détaillées","FRA","France","OMN","Oman","5910","Exportations - quantité","21121","Viande, poulet, fraîche ou réfrigérée","2022","2022","tonnes","46.77","A","Chiffre officiel"
"TM","Matrices du commerce détaillées","FRA","France","OMN","Oman","5922","Exportations - valeur","21121","Viande, poulet, fraîche ou réfrigérée","2022","2022","1000 USD","97","A","Chiffre officiel"
"TM","Matrices du commerce détaillées","FRA","France","UGA","Ouganda","5910","Exportations - quantité","21121","Viande, poulet, fraîche ou réfrigérée","2022","2022","","","",""
"TM","Matrices du commerce détaillées","FRA","France","UGA","Ouganda","5922","Exportations - valeur","21121","Viande, poulet, fraîche ou réfrigérée","2022","2022","","","",""
"TM","Matrices du commerce détaillées","FRA","France","UZB","Ouzbékistan","5910","Exportations - quantité","21121","Viande, poulet, fraîche ou réfrigérée","2022","2022","","","",""
"TM","Matrices du commerce détaillées","FRA","France","UZB","Ouzbékistan","5922","Exportations - valeur","21121","Viande, poulet, fraîche ou réfrigérée","2022","2022","","","",""
"TM","Matrices du commerce détaillées","FRA","France","PAK","Pakistan","5910","Exportations - quantité","21121","Viande, poulet, fraîche ou réfrigérée","2022","2022","","","",""
"TM","Matrices du commerce détaillées","FRA","France","PAK","Pakistan","5922","Exportations - valeur","21121","Viande, poulet, fraîche ou réfrigérée","2022","2022","","","",""
"TM","Matrices du commerce détaillées","FRA","France","PSE","Palestine","5910","Exportations - quantité","21121","Viande, poulet, fraîche ou réfrigérée","2022","2022","","","",""
"TM","Matrices du commerce détaillées","FRA","France","PSE","Palestine","5922","Exportations - valeur","21121","Viande, poulet, fraîche ou réfrigérée","2022","2022","","","",""
"TM","Matrices du commerce détaillées","FRA","France","PAN","Panama","5910","Exportations - quantité","21121","Viande, poulet, fraîche ou réfrigérée","2022","2022","","","",""
"TM","Matrices du commerce détaillées","FRA","France","PAN","Panama","5922","Exportations - valeur","21121","Viande, poulet, fraîche ou réfrigérée","2022","2022","","","",""
"TM","Matrices du commerce détaillées","FRA","France","PNG","Papouasie-Nouvelle-Guinée","5910","Exportations - quantité","21121","Viande, poulet, fraîche ou réfrigérée","2022","2022","","","",""
"TM","Matrices du commerce détaillées","FRA","France","PNG","Papouasie-Nouvelle-Guinée","5922","Exportations - valeur","21121","Viande, poulet, fraîche ou réfrigérée","2022","2022","","","",""
"TM","Matrices du commerce détaillées","FRA","France","PRY","Paraguay","5910","Exportations - quantité","21121","Viande, poulet, fraîche ou réfrigérée","2022","2022","","","",""
"TM","Matrices du commerce détaillées","FRA","France","PRY","Paraguay","5922","Exportations - valeur","21121","Viande, poulet, fraîche ou réfrigérée","2022","2022","","","",""
"TM","Matrices du commerce détaillées","FRA","France","NLD","Pays-Bas (Royaume des)","5910","Exportations - quantité","21121","Viande, poulet, fraîche ou réfrigérée","2022","2022","tonnes","36087.56","A","Chiffre officiel"
"TM","Matrices du commerce détaillées","FRA","France","NLD","Pays-Bas (Royaume des)","5922","Exportations - valeur","21121","Viande, poulet, fraîche ou réfrigérée","2022","2022","1000 USD","40047","A","Chiffre officiel"
"TM","Matrices du commerce détaillées","FRA","France","PER","Pérou","5910","Exportations - quantité","21121","Viande, poulet, fraîche ou réfrigérée","2022","2022","","","",""
"TM","Matrices du commerce détaillées","FRA","France","PER","Pérou","5922","Exportations - valeur","21121","Viande, poulet, fraîche ou réfrigérée","2022","2022","","","",""
"TM","Matrices du commerce détaillées","FRA","France","PHL","Philippines","5910","Exportations - quantité","21121","Viande, poulet, fraîche ou réfrigérée","2022","2022","tonnes","14.39","A","Chiffre officiel"
"TM","Matrices du commerce détaillées","FRA","France","PHL","Philippines","5922","Exportations - valeur","21121","Viande, poulet, fraîche ou réfrigérée","2022","2022","1000 USD","114","A","Chiffre officiel"
"TM","Matrices du commerce détaillées","FRA","France","POL","Pologne","5910","Exportations - quantité","21121","Viande, poulet, fraîche ou réfrigérée","2022","2022","tonnes","802.25","A","Chiffre officiel"
"TM","Matrices du commerce détaillées","FRA","France","POL","Pologne","5922","Exportations - valeur","21121","Viande, poulet, fraîche ou réfrigérée","2022","2022","1000 USD","2533","A","Chiffre officiel"
"TM","Matrices du commerce détaillées","FRA","France","PYF","Polynésie française","5910","Exportations - quantité","21121","Viande, poulet, fraîche ou réfrigérée","2022","2022","tonnes","340.63","A","Chiffre officiel"
"TM","Matrices du commerce détaillées","FRA","France","PYF","Polynésie française","5922","Exportations - valeur","21121","Viande, poulet, fraîche ou réfrigérée","2022","2022","1000 USD","1546","A","Chiffre officiel"
"TM","Matrices du commerce détaillées","FRA","France","PRI","Porto Rico","5910","Exportations - quantité","21121","Viande, poulet, fraîche ou réfrigérée","2022","2022","","","",""
"TM","Matrices du commerce détaillées","FRA","France","PRI","Porto Rico","5922","Exportations - valeur","21121","Viande, poulet, fraîche ou réfrigérée","2022","2022","","","",""
"TM","Matrices du commerce détaillées","FRA","France","PRT","Portugal","5910","Exportations - quantité","21121","Viande, poulet, fraîche ou réfrigérée","2022","2022","tonnes","5162.59","A","Chiffre officiel"
"TM","Matrices du commerce détaillées","FRA","France","PRT","Portugal","5922","Exportations - valeur","21121","Viande, poulet, fraîche ou réfrigérée","2022","2022","1000 USD","7235","A","Chiffre officiel"
"TM","Matrices du commerce détaillées","FRA","France","QAT","Qatar","5910","Exportations - quantité","21121","Viande, poulet, fraîche ou réfrigérée","2022","2022","tonnes","194.5","A","Chiffre officiel"
"TM","Matrices du commerce détaillées","FRA","France","QAT","Qatar","5922","Exportations - valeur","21121","Viande, poulet, fraîche ou réfrigérée","2022","2022","1000 USD","986","A","Chiffre officiel"
"TM","Matrices du commerce détaillées","FRA","France","SYR","République arabe syrienne","5910","Exportations - quantité","21121","Viande, poulet, fraîche ou réfrigérée","2022","2022","","","",""
"TM","Matrices du commerce détaillées","FRA","France","SYR","République arabe syrienne","5922","Exportations - valeur","21121","Viande, poulet, fraîche ou réfrigérée","2022","2022","","","",""
"TM","Matrices du commerce détaillées","FRA","France","CAF","République centrafricaine","5910","Exportations - quantité","21121","Viande, poulet, fraîche ou réfrigérée","2022","2022","tonnes","102.95","A","Chiffre officiel"
"TM","Matrices du commerce détaillées","FRA","France","CAF","République centrafricaine","5922","Exportations - valeur","21121","Viande, poulet, fraîche ou réfrigérée","2022","2022","1000 USD","87","A","Chiffre officiel"
"TM","Matrices du commerce détaillées","FRA","France","KOR","République de Corée","5910","Exportations - quantité","21121","Viande, poulet, fraîche ou réfrigérée","2022","2022","","","",""
"TM","Matrices du commerce détaillées","FRA","France","KOR","République de Corée","5922","Exportations - valeur","21121","Viande, poulet, fraîche ou réfrigérée","2022","2022","","","",""
"TM","Matrices du commerce détaillées","FRA","France","MDA","République de Moldova","5910","Exportations - quantité","21121","Viande, poulet, fraîche ou réfrigérée","2022","2022","tonnes","266.5","A","Chiffre officiel"
"TM","Matrices du commerce détaillées","FRA","France","MDA","République de Moldova","5922","Exportations - valeur","21121","Viande, poulet, fraîche ou réfrigérée","2022","2022","1000 USD","158","A","Chiffre officiel"
"TM","Matrices du commerce détaillées","FRA","France","COD","République démocratique du Congo","5910","Exportations - quantité","21121","Viande, poulet, fraîche ou réfrigérée","2022","2022","tonnes","3121.64","A","Chiffre officiel"
"TM","Matrices du commerce détaillées","FRA","France","COD","République démocratique du Congo","5922","Exportations - valeur","21121","Viande, poulet, fraîche ou réfrigérée","2022","2022","1000 USD","4083","A","Chiffre officiel"
"TM","Matrices du commerce détaillées","FRA","France","LAO","République démocratique populaire lao","5910","Exportations - quantité","21121","Viande, poulet, fraîche ou réfrigérée","2022","2022","","","",""
"TM","Matrices du commerce détaillées","FRA","France","LAO","République démocratique populaire lao","5922","Exportations - valeur","21121","Viande, poulet, fraîche ou réfrigérée","2022","2022","","","",""
"TM","Matrices du commerce détaillées","FRA","France","DOM","République dominicaine","5910","Exportations - quantité","21121","Viande, poulet, fraîche ou réfrigérée","2022","2022","tonnes","0.24","A","Chiffre officiel"
"TM","Matrices du commerce détaillées","FRA","France","DOM","République dominicaine","5922","Exportations - valeur","21121","Viande, poulet, fraîche ou réfrigérée","2022","2022","1000 USD","2","A","Chiffre officiel"
"TM","Matrices du commerce détaillées","FRA","France","PRK","République populaire démocratique de Corée","5910","Exportations - quantité","21121","Viande, poulet, fraîche ou réfrigérée","2022","2022","","","",""
"TM","Matrices du commerce détaillées","FRA","France","PRK","République populaire démocratique de Corée","5922","Exportations - valeur","21121","Viande, poulet, fraîche ou réfrigérée","2022","2022","","","",""
"TM","Matrices du commerce détaillées","FRA","France","TZA","République-Unie de Tanzanie","5910","Exportations - quantité","21121","Viande, poulet, fraîche ou réfrigérée","2022","2022","","","",""
"TM","Matrices du commerce détaillées","FRA","France","TZA","République-Unie de Tanzanie","5922","Exportations - valeur","21121","Viande, poulet, fraîche ou réfrigérée","2022","2022","","","",""
"TM","Matrices du commerce détaillées","FRA","France","REU","Réunion","5910","Exportations - quantité","21121","Viande, poulet, fraîche ou réfrigérée","2022","2022","","","",""
"TM","Matrices du commerce détaillées","FRA","France","REU","Réunion","5922","Exportations - valeur","21121","Viande, poulet, fraîche ou réfrigérée","2022","2022","","","",""
"TM","Matrices du commerce détaillées","FRA","France","F248","RFS de Yougoslavie","5910","Exportations - quantité","21121","Viande, poulet, fraîche ou réfrigérée","2022","2022","","","",""
"TM","Matrices du commerce détaillées","FRA","France","F248","RFS de Yougoslavie","5922","Exportations - valeur","21121","Viande, poulet, fraîche ou réfrigérée","2022","2022","","","",""
"TM","Matrices du commerce détaillées","FRA","France","ROU","Roumanie","5910","Exportations - quantité","21121","Viande, poulet, fraîche ou réfrigérée","2022","2022","tonnes","2877.49","A","Chiffre officiel"
"TM","Matrices du commerce détaillées","FRA","France","ROU","Roumanie","5922","Exportations - valeur","21121","Viande, poulet, fraîche ou réfrigérée","2022","2022","1000 USD","5181","A","Chiffre officiel"
"TM","Matrices du commerce détaillées","FRA","France","GBR","Royaume-Uni de Grande-Bretagne et d'Irlande du Nord","5910","Exportations - quantité","21121","Viande, poulet, fraîche ou réfrigérée","2022","2022","tonnes","8240.97","A","Chiffre officiel"
"TM","Matrices du commerce détaillées","FRA","France","GBR","Royaume-Uni de Grande-Bretagne et d'Irlande du Nord","5922","Exportations - valeur","21121","Viande, poulet, fraîche ou réfrigérée","2022","2022","1000 USD","35717","A","Chiffre officiel"
"TM","Matrices du commerce détaillées","FRA","France","RWA","Rwanda","5910","Exportations - quantité","21121","Viande, poulet, fraîche ou réfrigérée","2022","2022","","","",""
"TM","Matrices du commerce détaillées","FRA","France","RWA","Rwanda","5922","Exportations - valeur","21121","Viande, poulet, fraîche ou réfrigérée","2022","2022","","","",""
"TM","Matrices du commerce détaillées","FRA","France","LCA","Sainte-Lucie","5910","Exportations - quantité","21121","Viande, poulet, fraîche ou réfrigérée","2022","2022","tonnes","0.11","A","Chiffre officiel"
"TM","Matrices du commerce détaillées","FRA","France","LCA","Sainte-Lucie","5922","Exportations - valeur","21121","Viande, poulet, fraîche ou réfrigérée","2022","2022","1000 USD","4","A","Chiffre officiel"
"TM","Matrices du commerce détaillées","FRA","France","KNA","Saint-Kitts-et-Nevis","5910","Exportations - quantité","21121","Viande, poulet, fraîche ou réfrigérée","2022","2022","","","",""
"TM","Matrices du commerce détaillées","FRA","France","KNA","Saint-Kitts-et-Nevis","5922","Exportations - valeur","21121","Viande, poulet, fraîche ou réfrigérée","2022","2022","","","",""
"TM","Matrices du commerce détaillées","FRA","France","VCT","Saint-Vincent-et-les Grenadines","5910","Exportations - quantité","21121","Viande, poulet, fraîche ou réfrigérée","2022","2022","","","",""
"TM","Matrices du commerce détaillées","FRA","France","VCT","Saint-Vincent-et-les Grenadines","5922","Exportations - valeur","21121","Viande, poulet, fraîche ou réfrigérée","2022","2022","","","",""
"TM","Matrices du commerce détaillées","FRA","France","WSM","Samoa","5910","Exportations - quantité","21121","Viande, poulet, fraîche ou réfrigérée","2022","2022","","","",""
"TM","Matrices du commerce détaillées","FRA","France","WSM","Samoa","5922","Exportations - valeur","21121","Viande, poulet, fraîche ou réfrigérée","2022","2022","","","",""
"TM","Matrices du commerce détaillées","FRA","France","STP","Sao Tomé-et-Principe","5910","Exportations - quantité","21121","Viande, poulet, fraîche ou réfrigérée","2022","2022","tonnes","75.2","A","Chiffre officiel"
"TM","Matrices du commerce détaillées","FRA","France","STP","Sao Tomé-et-Principe","5922","Exportations - valeur","21121","Viande, poulet, fraîche ou réfrigérée","2022","2022","1000 USD","96","A","Chiffre officiel"
"TM","Matrices du commerce détaillées","FRA","France","SEN","Sénégal","5910","Exportations - quantité","21121","Viande, poulet, fraîche ou réfrigérée","2022","2022","tonnes","9.41","A","Chiffre officiel"
"TM","Matrices du commerce détaillées","FRA","France","SEN","Sénégal","5922","Exportations - valeur","21121","Viande, poulet, fraîche ou réfrigérée","2022","2022","1000 USD","82","A","Chiffre officiel"
"TM","Matrices du commerce détaillées","FRA","France","SRB","Serbie","5910","Exportations - quantité","21121","Viande, poulet, fraîche ou réfrigérée","2022","2022","tonnes","748.74","A","Chiffre officiel"
"TM","Matrices du commerce détaillées","FRA","France","SRB","Serbie","5922","Exportations - valeur","21121","Viande, poulet, fraîche ou réfrigérée","2022","2022","1000 USD","637","A","Chiffre officiel"
"TM","Matrices du commerce détaillées","FRA","France","SCG","Serbie-et-Monténégro","5910","Exportations - quantité","21121","Viande, poulet, fraîche ou réfrigérée","2022","2022","","","",""
"TM","Matrices du commerce détaillées","FRA","France","SCG","Serbie-et-Monténégro","5922","Exportations - valeur","21121","Viande, poulet, fraîche ou réfrigérée","2022","2022","","","",""
"TM","Matrices du commerce détaillées","FRA","France","SYC","Seychelles","5910","Exportations - quantité","21121","Viande, poulet, fraîche ou réfrigérée","2022","2022","tonnes","38.23","A","Chiffre officiel"
"TM","Matrices du commerce détaillées","FRA","France","SYC","Seychelles","5922","Exportations - valeur","21121","Viande, poulet, fraîche ou réfrigérée","2022","2022","1000 USD","79","A","Chiffre officiel"
"TM","Matrices du commerce détaillées","FRA","France","SLE","Sierra Leone","5910","Exportations - quantité","21121","Viande, poulet, fraîche ou réfrigérée","2022","2022","","","",""
"TM","Matrices du commerce détaillées","FRA","France","SLE","Sierra Leone","5922","Exportations - valeur","21121","Viande, poulet, fraîche ou réfrigérée","2022","2022","","","",""
"TM","Matrices du commerce détaillées","FRA","France","SGP","Singapour","5910","Exportations - quantité","21121","Viande, poulet, fraîche ou réfrigérée","2022","2022","tonnes","53.13","A","Chiffre officiel"
"TM","Matrices du commerce détaillées","FRA","France","SGP","Singapour","5922","Exportations - valeur","21121","Viande, poulet, fraîche ou réfrigérée","2022","2022","1000 USD","387","A","Chiffre officiel"
"TM","Matrices du commerce détaillées","FRA","France","SVK","Slovaquie","5910","Exportations - quantité","21121","Viande, poulet, fraîche ou réfrigérée","2022","2022","tonnes","566.22","A","Chiffre officiel"
"TM","Matrices du commerce détaillées","FRA","France","SVK","Slovaquie","5922","Exportations - valeur","21121","Viande, poulet, fraîche ou réfrigérée","2022","2022","1000 USD","1911","A","Chiffre officiel"
"TM","Matrices du commerce détaillées","FRA","France","SVN","Slovénie","5910","Exportations - quantité","21121","Viande, poulet, fraîche ou réfrigérée","2022","2022","tonnes","169.11","A","Chiffre officiel"
"TM","Matrices du commerce détaillées","FRA","France","SVN","Slovénie","5922","Exportations - valeur","21121","Viande, poulet, fraîche ou réfrigérée","2022","2022","1000 USD","117","A","Chiffre officiel"
"TM","Matrices du commerce détaillées","FRA","France","SOM","Somalie","5910","Exportations - quantité","21121","Viande, poulet, fraîche ou réfrigérée","2022","2022","","","",""
"TM","Matrices du commerce détaillées","FRA","France","SOM","Somalie","5922","Exportations - valeur","21121","Viande, poulet, fraîche ou réfrigérée","2022","2022","","","",""
"TM","Matrices du commerce détaillées","FRA","France","SDN","Soudan","5910","Exportations - quantité","21121","Viande, poulet, fraîche ou réfrigérée","2022","2022","","","",""
"TM","Matrices du commerce détaillées","FRA","France","SDN","Soudan","5922","Exportations - valeur","21121","Viande, poulet, fraîche ou réfrigérée","2022","2022","","","",""
"TM","Matrices du commerce détaillées","FRA","France","F206","Soudan (ex)","5910","Exportations - quantité","21121","Viande, poulet, fraîche ou réfrigérée","2022","2022","","","",""
"TM","Matrices du commerce détaillées","FRA","France","F206","Soudan (ex)","5922","Exportations - valeur","21121","Viande, poulet, fraîche ou réfrigérée","2022","2022","","","",""
"TM","Matrices du commerce détaillées","FRA","France","SSD","Soudan du Sud","5910","Exportations - quantité","21121","Viande, poulet, fraîche ou réfrigérée","2022","2022","","","",""
"TM","Matrices du commerce détaillées","FRA","France","SSD","Soudan du Sud","5922","Exportations - valeur","21121","Viande, poulet, fraîche ou réfrigérée","2022","2022","","","",""
"TM","Matrices du commerce détaillées","FRA","France","LKA","Sri Lanka","5910","Exportations - quantité","21121","Viande, poulet, fraîche ou réfrigérée","2022","2022","","","",""
"TM","Matrices du commerce détaillées","FRA","France","LKA","Sri Lanka","5922","Exportations - valeur","21121","Viande, poulet, fraîche ou réfrigérée","2022","2022","","","",""
"TM","Matrices du commerce détaillées","FRA","France","SWE","Suède","5910","Exportations - quantité","21121","Viande, poulet, fraîche ou réfrigérée","2022","2022","tonnes","338.33","A","Chiffre officiel"
"TM","Matrices du commerce détaillées","FRA","France","SWE","Suède","5922","Exportations - valeur","21121","Viande, poulet, fraîche ou réfrigérée","2022","2022","1000 USD","1680","A","Chiffre officiel"
"TM","Matrices du commerce détaillées","FRA","France","CHE","Suisse","5910","Exportations - quantité","21121","Viande, poulet, fraîche ou réfrigérée","2022","2022","tonnes","3410","A","Chiffre officiel"
"TM","Matrices du commerce détaillées","FRA","France","CHE","Suisse","5922","Exportations - valeur","21121","Viande, poulet, fraîche ou réfrigérée","2022","2022","1000 USD","27392","A","Chiffre officiel"
"TM","Matrices du commerce détaillées","FRA","France","SUR","Suriname","5910","Exportations - quantité","21121","Viande, poulet, fraîche ou réfrigérée","2022","2022","tonnes","35.63","A","Chiffre officiel"
"TM","Matrices du commerce détaillées","FRA","France","SUR","Suriname","5922","Exportations - valeur","21121","Viande, poulet, fraîche ou réfrigérée","2022","2022","1000 USD","65","A","Chiffre officiel"
"TM","Matrices du commerce détaillées","FRA","France","TJK","Tadjikistan","5910","Exportations - quantité","21121","Viande, poulet, fraîche ou réfrigérée","2022","2022","","","",""
"TM","Matrices du commerce détaillées","FRA","France","TJK","Tadjikistan","5922","Exportations - valeur","21121","Viande, poulet, fraîche ou réfrigérée","2022","2022","","","",""
"TM","Matrices du commerce détaillées","FRA","France","TCD","Tchad","5910","Exportations - quantité","21121","Viande, poulet, fraîche ou réfrigérée","2022","2022","tonnes","62.33","A","Chiffre officiel"
"TM","Matrices du commerce détaillées","FRA","France","TCD","Tchad","5922","Exportations - valeur","21121","Viande, poulet, fraîche ou réfrigérée","2022","2022","1000 USD","125","A","Chiffre officiel"
"TM","Matrices du commerce détaillées","FRA","France","F51","Tchécoslovaq","5910","Exportations - quantité","21121","Viande, poulet, fraîche ou réfrigérée","2022","2022","","","",""
"TM","Matrices du commerce détaillées","FRA","France","F51","Tchécoslovaq","5922","Exportations - valeur","21121","Viande, poulet, fraîche ou réfrigérée","2022","2022","","","",""
"TM","Matrices du commerce détaillées","FRA","France","CZE","Tchéquie","5910","Exportations - quantité","21121","Viande, poulet, fraîche ou réfrigérée","2022","2022","tonnes","787.59","A","Chiffre officiel"
"TM","Matrices du commerce détaillées","FRA","France","CZE","Tchéquie","5922","Exportations - valeur","21121","Viande, poulet, fraîche ou réfrigérée","2022","2022","1000 USD","2743","A","Chiffre officiel"
"TM","Matrices du commerce détaillées","FRA","France","THA","Thaïlande","5910","Exportations - quantité","21121","Viande, poulet, fraîche ou réfrigérée","2022","2022","tonnes","8.96","A","Chiffre officiel"
"TM","Matrices du commerce détaillées","FRA","France","THA","Thaïlande","5922","Exportations - valeur","21121","Viande, poulet, fraîche ou réfrigérée","2022","2022","1000 USD","126","A","Chiffre officiel"
"TM","Matrices du commerce détaillées","FRA","France","TLS","Timor-Leste","5910","Exportations - quantité","21121","Viande, poulet, fraîche ou réfrigérée","2022","2022","","","",""
"TM","Matrices du commerce détaillées","FRA","France","TLS","Timor-Leste","5922","Exportations - valeur","21121","Viande, poulet, fraîche ou réfrigérée","2022","2022","","","",""
"TM","Matrices du commerce détaillées","FRA","France","TGO","Togo","5910","Exportations - quantité","21121","Viande, poulet, fraîche ou réfrigérée","2022","2022","tonnes","1612.91","A","Chiffre officiel"
"TM","Matrices du commerce détaillées","FRA","France","TGO","Togo","5922","Exportations - valeur","21121","Viande, poulet, fraîche ou réfrigérée","2022","2022","1000 USD","2063","A","Chiffre officiel"
"TM","Matrices du commerce détaillées","FRA","France","TKL","Tokélaou","5910","Exportations - quantité","21121","Viande, poulet, fraîche ou réfrigérée","2022","2022","","","",""
"TM","Matrices du commerce détaillées","FRA","France","TKL","Tokélaou","5922","Exportations - valeur","21121","Viande, poulet, fraîche ou réfrigérée","2022","2022","","","",""
"TM","Matrices du commerce détaillées","FRA","France","TON","Tonga","5910","Exportations - quantité","21121","Viande, poulet, fraîche ou réfrigérée","2022","2022","","","",""
"TM","Matrices du commerce détaillées","FRA","France","TON","Tonga","5922","Exportations - valeur","21121","Viande, poulet, fraîche ou réfrigérée","2022","2022","","","",""
"TM","Matrices du commerce détaillées","FRA","France","TTO","Trinité-et-Tobago","5910","Exportations - quantité","21121","Viande, poulet, fraîche ou réfrigérée","2022","2022","","","",""
"TM","Matrices du commerce détaillées","FRA","France","TTO","Trinité-et-Tobago","5922","Exportations - valeur","21121","Viande, poulet, fraîche ou réfrigérée","2022","2022","","","",""
"TM","Matrices du commerce détaillées","FRA","France","TUN","Tunisie","5910","Exportations - quantité","21121","Viande, poulet, fraîche ou réfrigérée","2022","2022","","","",""
"TM","Matrices du commerce détaillées","FRA","France","TUN","Tunisie","5922","Exportations - valeur","21121","Viande, poulet, fraîche ou réfrigérée","2022","2022","","","",""
"TM","Matrices du commerce détaillées","FRA","France","TKM","Turkménistan","5910","Exportations - quantité","21121","Viande, poulet, fraîche ou réfrigérée","2022","2022","","","",""
"TM","Matrices du commerce détaillées","FRA","France","TKM","Turkménistan","5922","Exportations - valeur","21121","Viande, poulet, fraîche ou réfrigérée","2022","2022","","","",""
"TM","Matrices du commerce détaillées","FRA","France","TUR","Türkiye","5910","Exportations - quantité","21121","Viande, poulet, fraîche ou réfrigérée","2022","2022","","","",""
"TM","Matrices du commerce détaillées","FRA","France","TUR","Türkiye","5922","Exportations - valeur","21121","Viande, poulet, fraîche ou réfrigérée","2022","2022","","","",""
"TM","Matrices du commerce détaillées","FRA","France","TUV","Tuvalu","5910","Exportations - quantité","21121","Viande, poulet, fraîche ou réfrigérée","2022","2022","","","",""
"TM","Matrices du commerce détaillées","FRA","France","TUV","Tuvalu","5922","Exportations - valeur","21121","Viande, poulet, fraîche ou réfrigérée","2022","2022","","","",""
"TM","Matrices du commerce détaillées","FRA","France","UKR","Ukraine","5910","Exportations - quantité","21121","Viande, poulet, fraîche ou réfrigérée","2022","2022","tonnes","56.16","A","Chiffre officiel"
"TM","Matrices du commerce détaillées","FRA","France","UKR","Ukraine","5922","Exportations - valeur","21121","Viande, poulet, fraîche ou réfrigérée","2022","2022","1000 USD","157","A","Chiffre officiel"
"TM","Matrices du commerce détaillées","FRA","France","F228","URSS","5910","Exportations - quantité","21121","Viande, poulet, fraîche ou réfrigérée","2022","2022","","","",""
"TM","Matrices du commerce détaillées","FRA","France","F228","URSS","5922","Exportations - valeur","21121","Viande, poulet, fraîche ou réfrigérée","2022","2022","","","",""
"TM","Matrices du commerce détaillées","FRA","France","URY","Uruguay","5910","Exportations - quantité","21121","Viande, poulet, fraîche ou réfrigérée","2022","2022","","","",""
"TM","Matrices du commerce détaillées","FRA","France","URY","Uruguay","5922","Exportations - valeur","21121","Viande, poulet, fraîche ou réfrigérée","2022","2022","","","",""
"TM","Matrices du commerce détaillées","FRA","France","VUT","Vanuatu","5910","Exportations - quantité","21121","Viande, poulet, fraîche ou réfrigérée","2022","2022","","","",""
"TM","Matrices du commerce détaillées","FRA","France","VUT","Vanuatu","5922","Exportations - valeur","21121","Viande, poulet, fraîche ou réfrigérée","2022","2022","","","",""
"TM","Matrices du commerce détaillées","FRA","France","VEN","Venezuela (République bolivarienne du)","5910","Exportations - quantité","21121","Viande, poulet, fraîche ou réfrigérée","2022","2022","","","",""
"TM","Matrices du commerce détaillées","FRA","France","VEN","Venezuela (République bolivarienne du)","5922","Exportations - valeur","21121","Viande, poulet, fraîche ou réfrigérée","2022","2022","","","",""
"TM","Matrices du commerce détaillées","FRA","France","VNM","Viet Nam","5910","Exportations - quantité","21121","Viande, poulet, fraîche ou réfrigérée","2022","2022","tonnes","209.04","A","Chiffre officiel"
"TM","Matrices du commerce détaillées","FRA","France","VNM","Viet Nam","5922","Exportations - valeur","21121","Viande, poulet, fraîche ou réfrigérée","2022","2022","1000 USD","234","A","Chiffre officiel"
"TM","Matrices du commerce détaillées","FRA","France","YEM","Yémen","5910","Exportations - quantité","21121","Viande, poulet, fraîche ou réfrigérée","2022","2022","tonnes","5199.08","A","Chiffre officiel"
"TM","Matrices du commerce détaillées","FRA","France","YEM","Yémen","5922","Exportations - valeur","21121","Viande, poulet, fraîche ou réfrigérée","2022","2022","1000 USD","11275","A","Chiffre officiel"
"TM","Matrices du commerce détaillées","FRA","France","ZMB","Zambie","5910","Exportations - quantité","21121","Viande, poulet, fraîche ou réfrigérée","2022","2022","","","",""
"TM","Matrices du commerce détaillées","FRA","France","ZMB","Zambie","5922","Exportations - valeur","21121","Viande, poulet, fraîche ou réfrigérée","2022","2022","","","",""
"TM","Matrices du commerce détaillées","FRA","France","ZWE","Zimbabwe","5910","Exportations - quantité","21121","Viande, poulet, fraîche ou réfrigérée","2022","2022","","","",""
"TM","Matrices du commerce détaillées","FRA","France","ZWE","Zimbabwe","5922","Exportations - valeur","21121","Viande, poulet, fraîche ou réfrigérée","2022","2022","","","",""
