Code Domaine,Domaine,Code zone (ISO3),Zone,Code Élément,Élément,Code Produit (FBS),Produit,Code année,Année,Unité,Valeur,Symbole,Description du Symbole,Note
"FBS","Bilans Alimentaires (2010-)","AFG","Afghanistan","664","Disponibilité alimentaire (Kcal/personne/jour)","S2901","Total General","2022","2022","kcal/personne/jour","2243","E","Valeur estimée",""
"FBS","Bilans Alimentaires (2010-)","AFG","Afghanistan","664","Disponibilité alimentaire (Kcal/personne/jour)","S2734","Viande de Volailles","2022","2022","kcal/personne/jour","3.29","E","Valeur estimée",""
"FBS","Bilans Alimentaires (2010-)","ZAF","Afrique du Sud","664","Disponibilité alimentaire (Kcal/personne/jour)","S2901","Total General","2022","2022","kcal/personne/jour","2761","E","Valeur estimée",""
"FBS","Bilans Alimentaires (2010-)","ZAF","Afrique du Sud","664","Disponibilité alimentaire (Kcal/personne/jour)","S2734","Viande de Volailles","2022","2022","kcal/personne/jour","149.24","E","Valeur estimée",""
"FBS","Bilans Alimentaires (2010-)","ALB","Albanie","664","Disponibilité alimentaire (Kcal/personne/jour)","S2901","Total General","2022","2022","kcal/personne/jour","3390","E","Valeur estimée",""
"FBS","Bilans Alimentaires (2010-)","ALB","Albanie","664","Disponibilité alimentaire (Kcal/personne/jour)","S2734","Viande de Volailles","2022","2022","kcal/personne/jour","85.67","E","Valeur estimée",""
"FBS","Bilans Alimentaires (2010-)","DZA","Algérie","664","Disponibilité alimentaire (Kcal/personne/jour)","S2901","Total General","2022","2022","kcal/personne/jour","3468","E","Valeur estimée",""
"FBS","Bilans Alimentaires (2010-)","DZA","Algérie","664","Disponibilité alimentaire (Kcal/personne/jour)","S2734","Viande de Volailles","2022","2022","kcal/personne/jour","23.14","E","Valeur estimée",""
"FBS","Bilans Alimentaires (2010-)","DEU","Allemagne","664","Disponibilité alimentaire (Kcal/personne/jour)","S2901","Total General","2022","2022","kcal/personne/jour","3604","E","Valeur estimée",""
"FBS","Bilans Alimentaires (2010-)","DEU","Allemagne","664","Disponibilité alimentaire (Kcal/personne/jour)","S2734","Viande de Volailles","2022","2022","kcal/personne/jour","60.85","E","Valeur estimée",""
"FBS","Bilans Alimentaires (2010-)","AGO","Angola","664","Disponibilité alimentaire (Kcal/personne/jour)","S2901","Total General","2022","2022","kcal/personne/jour","2435","E","Valeur estimée",""
"FBS","Bilans Alimentaires (2010-)","AGO","Angola","664","Disponibilité alimentaire (Kcal/personne/jour)","S2734","Viande de Volailles","2022","2022","kcal/personne/jour","39.62","E","Valeur estimée",""
"FBS","Bilans Alimentaires (2010-)","ATG","Antigua-et-Barbuda","664","Disponibilité alimentaire (Kcal/personne/jour)","S2901","Total General","2022","2022","kcal/personne/jour","2458","E","Valeur estimée",""
"FBS","Bilans Alimentaires (2010-)","ATG","Antigua-et-Barbuda","664","Disponibilité alimentaire (Kcal/personne/jour)","S2734","Viande de Volailles","2022","2022","kcal/personne/jour","258.92","E","Valeur estimée",""
"FBS","Bilans Alimentaires (2010-)","ANT","Antilles néerlandaises (ex)","664","Disponibilité alimentaire (Kcal/personne/jour)","S2901","Total General","2022","2022","","","","",""
"FBS","Bilans Alimentaires (2010-)","ANT","Antilles néerlandaises (ex)","664","Disponibilité alimentaire (Kcal/personne/jour)","S2734","Viande de Volailles","2022","2022","","","","",""
"FBS","Bilans Alimentaires (2010-)","SAU","Arabie saoudite","664","Disponibilité alimentaire (Kcal/personne/jour)","S2901","Total General","2022","2022","kcal/personne/jour","3276","E","Valeur estimée",""
"FBS","Bilans Alimentaires (2010-)","SAU","Arabie saoudite","664","Disponibilité alimentaire (Kcal/personne/jour)","S2734","Viande de Volailles","2022","2022","kcal/personne/jour","172.57","E","Valeur estimée",""
"FBS","Bilans Alimentaires (2010-)","ARG","Argentine","664","Disponibilité alimentaire (Kcal/personne/jour)","S2901","Total General","2022","2022","kcal/personne/jour","3347","E","Valeur estimée",""
"FBS","Bilans Alimentaires (2010-)","ARG","Argentine","664","Disponibilité alimentaire (Kcal/personne/jour)","S2734","Viande de Volailles","2022","2022","kcal/personne/jour","181.84","E","Valeur estimée",""
"FBS","Bilans Alimentaires (2010-)","ARM","Arménie","664","Disponibilité alimentaire (Kcal/personne/jour)","S2901","Total General","2022","2022","kcal/personne/jour","3277","E","Valeur estimée",""
"FBS","Bilans Alimentaires (2010-)","ARM","Arménie","664","Disponibilité alimentaire (Kcal/personne/jour)","S2734","Viande de Volailles","2022","2022","kcal/personne/jour","70.07","E","Valeur estimée",""
"FBS","Bilans Alimentaires (2010-)","AUS","Australie","664","Disponibilité alimentaire (Kcal/personne/jour)","S2901","Total General","2022","2022","kcal/personne/jour","3471","E","Valeur estimée",""
"FBS","Bilans Alimentaires (2010-)","AUS","Australie","664","Disponibilité alimentaire (Kcal/personne/jour)","S2734","Viande de Volailles","2022","2022","kcal/personne/jour","185.62","E","Valeur estimée",""
"FBS","Bilans Alimentaires (2010-)","AUT","Autriche","664","Disponibilité alimentaire (Kcal/personne/jour)","S2901","Total General","2022","2022","kcal/personne/jour","3812","E","Valeur estimée",""
"FBS","Bilans Alimentaires (2010-)","AUT","Autriche","664","Disponibilité alimentaire (Kcal/personne/jour)","S2734","Viande de Volailles","2022","2022","kcal/personne/jour","71.88","E","Valeur estimée",""
"FBS","Bilans Alimentaires (2010-)","AZE","Azerbaïdjan","664","Disponibilité alimentaire (Kcal/personne/jour)","S2901","Total General","2022","2022","kcal/personne/jour","3328","E","Valeur estimée",""
"FBS","Bilans Alimentaires (2010-)","AZE","Azerbaïdjan","664","Disponibilité alimentaire (Kcal/personne/jour)","S2734","Viande de Volailles","2022","2022","kcal/personne/jour","60.67","E","Valeur estimée",""
"FBS","Bilans Alimentaires (2010-)","BHS","Bahamas","664","Disponibilité alimentaire (Kcal/personne/jour)","S2901","Total General","2022","2022","kcal/personne/jour","2620","E","Valeur estimée",""
"FBS","Bilans Alimentaires (2010-)","BHS","Bahamas","664","Disponibilité alimentaire (Kcal/personne/jour)","S2734","Viande de Volailles","2022","2022","kcal/personne/jour","239.6","E","Valeur estimée",""
"FBS","Bilans Alimentaires (2010-)","BHR","Bahreïn","664","Disponibilité alimentaire (Kcal/personne/jour)","S2901","Total General","2022","2022","kcal/personne/jour","3506","E","Valeur estimée",""
"FBS","Bilans Alimentaires (2010-)","BHR","Bahreïn","664","Disponibilité alimentaire (Kcal/personne/jour)","S2734","Viande de Volailles","2022","2022","kcal/personne/jour","180.43","E","Valeur estimée",""
"FBS","Bilans Alimentaires (2010-)","BGD","Bangladesh","664","Disponibilité alimentaire (Kcal/personne/jour)","S2901","Total General","2022","2022","kcal/personne/jour","2581","E","Valeur estimée",""
"FBS","Bilans Alimentaires (2010-)","BGD","Bangladesh","664","Disponibilité alimentaire (Kcal/personne/jour)","S2734","Viande de Volailles","2022","2022","kcal/personne/jour","6.66","E","Valeur estimée",""
"FBS","Bilans Alimentaires (2010-)","BRB","Barbade","664","Disponibilité alimentaire (Kcal/personne/jour)","S2901","Total General","2022","2022","kcal/personne/jour","3198","E","Valeur estimée",""
"FBS","Bilans Alimentaires (2010-)","BRB","Barbade","664","Disponibilité alimentaire (Kcal/personne/jour)","S2734","Viande de Volailles","2022","2022","kcal/personne/jour","213.45","E","Valeur estimée",""
"FBS","Bilans Alimentaires (2010-)","BLR","Bélarus","664","Disponibilité alimentaire (Kcal/personne/jour)","S2901","Total General","2022","2022","kcal/personne/jour","3330","E","Valeur estimée",""
"FBS","Bilans Alimentaires (2010-)","BLR","Bélarus","664","Disponibilité alimentaire (Kcal/personne/jour)","S2734","Viande de Volailles","2022","2022","kcal/personne/jour","133.01","E","Valeur estimée",""
"FBS","Bilans Alimentaires (2010-)","BEL","Belgique","664","Disponibilité alimentaire (Kcal/personne/jour)","S2901","Total General","2022","2022","kcal/personne/jour","3909","E","Valeur estimée",""
"FBS","Bilans Alimentaires (2010-)","BEL","Belgique","664","Disponibilité alimentaire (Kcal/personne/jour)","S2734","Viande de Volailles","2022","2022","kcal/personne/jour","60.49","E","Valeur estimée",""
"FBS","Bilans Alimentaires (2010-)","BLZ","Belize","664","Disponibilité alimentaire (Kcal/personne/jour)","S2901","Total General","2022","2022","kcal/personne/jour","2815","E","Valeur estimée",""
"FBS","Bilans Alimentaires (2010-)","BLZ","Belize","664","Disponibilité alimentaire (Kcal/personne/jour)","S2734","Viande de Volailles","2022","2022","kcal/personne/jour","114.07","E","Valeur estimée",""
"FBS","Bilans Alimentaires (2010-)","BEN","Bénin","664","Disponibilité alimentaire (Kcal/personne/jour)","S2901","Total General","2022","2022","kcal/personne/jour","2786","E","Valeur estimée",""
"FBS","Bilans Alimentaires (2010-)","BEN","Bénin","664","Disponibilité alimentaire (Kcal/personne/jour)","S2734","Viande de Volailles","2022","2022","kcal/personne/jour","38.26","E","Valeur estimée",""
"FBS","Bilans Alimentaires (2010-)","BTN","Bhoutan","664","Disponibilité alimentaire (Kcal/personne/jour)","S2901","Total General","2022","2022","kcal/personne/jour","3215","E","Valeur estimée",""
"FBS","Bilans Alimentaires (2010-)","BTN","Bhoutan","664","Disponibilité alimentaire (Kcal/personne/jour)","S2734","Viande de Volailles","2022","2022","kcal/personne/jour","18.18","E","Valeur estimée",""
"FBS","Bilans Alimentaires (2010-)","BOL","Bolivie (État plurinational de)","664","Disponibilité alimentaire (Kcal/personne/jour)","S2901","Total General","2022","2022","kcal/personne/jour","2331","E","Valeur estimée",""
"FBS","Bilans Alimentaires (2010-)","BOL","Bolivie (État plurinational de)","664","Disponibilité alimentaire (Kcal/personne/jour)","S2734","Viande de Volailles","2022","2022","kcal/personne/jour","160.42","E","Valeur estimée",""
"FBS","Bilans Alimentaires (2010-)","BIH","Bosnie-Herzégovine","664","Disponibilité alimentaire (Kcal/personne/jour)","S2901","Total General","2022","2022","kcal/personne/jour","3368","E","Valeur estimée",""
"FBS","Bilans Alimentaires (2010-)","BIH","Bosnie-Herzégovine","664","Disponibilité alimentaire (Kcal/personne/jour)","S2734","Viande de Volailles","2022","2022","kcal/personne/jour","82.13","E","Valeur estimée",""
"FBS","Bilans Alimentaires (2010-)","BWA","Botswana","664","Disponibilité alimentaire (Kcal/personne/jour)","S2901","Total General","2022","2022","kcal/personne/jour","2622","E","Valeur estimée",""
"FBS","Bilans Alimentaires (2010-)","BWA","Botswana","664","Disponibilité alimentaire (Kcal/personne/jour)","S2734","Viande de Volailles","2022","2022","kcal/personne/jour","9.75","E","Valeur estimée",""
"FBS","Bilans Alimentaires (2010-)","BRA","Brésil","664","Disponibilité alimentaire (Kcal/personne/jour)","S2901","Total General","2022","2022","kcal/personne/jour","3305","E","Valeur estimée",""
"FBS","Bilans Alimentaires (2010-)","BRA","Brésil","664","Disponibilité alimentaire (Kcal/personne/jour)","S2734","Viande de Volailles","2022","2022","kcal/personne/jour","177.76","E","Valeur estimée",""
"FBS","Bilans Alimentaires (2010-)","BGR","Bulgarie","664","Disponibilité alimentaire (Kcal/personne/jour)","S2901","Total General","2022","2022","kcal/personne/jour","3055","E","Valeur estimée",""
"FBS","Bilans Alimentaires (2010-)","BGR","Bulgarie","664","Disponibilité alimentaire (Kcal/personne/jour)","S2734","Viande de Volailles","2022","2022","kcal/personne/jour","80.24","E","Valeur estimée",""
"FBS","Bilans Alimentaires (2010-)","BFA","Burkina Faso","664","Disponibilité alimentaire (Kcal/personne/jour)","S2901","Total General","2022","2022","kcal/personne/jour","2675","E","Valeur estimée",""
"FBS","Bilans Alimentaires (2010-)","BFA","Burkina Faso","664","Disponibilité alimentaire (Kcal/personne/jour)","S2734","Viande de Volailles","2022","2022","kcal/personne/jour","25.15","E","Valeur estimée",""
"FBS","Bilans Alimentaires (2010-)","BDI","Burundi","664","Disponibilité alimentaire (Kcal/personne/jour)","S2901","Total General","2022","2022","kcal/personne/jour","1755","E","Valeur estimée",""
"FBS","Bilans Alimentaires (2010-)","BDI","Burundi","664","Disponibilité alimentaire (Kcal/personne/jour)","S2734","Viande de Volailles","2022","2022","kcal/personne/jour","2.48","E","Valeur estimée",""
"FBS","Bilans Alimentaires (2010-)","CPV","Cabo Verde","664","Disponibilité alimentaire (Kcal/personne/jour)","S2901","Total General","2022","2022","kcal/personne/jour","2642","E","Valeur estimée",""
"FBS","Bilans Alimentaires (2010-)","CPV","Cabo Verde","664","Disponibilité alimentaire (Kcal/personne/jour)","S2734","Viande de Volailles","2022","2022","kcal/personne/jour","89.02","E","Valeur estimée",""
"FBS","Bilans Alimentaires (2010-)","KHM","Cambodge","664","Disponibilité alimentaire (Kcal/personne/jour)","S2901","Total General","2022","2022","kcal/personne/jour","2724","E","Valeur estimée",""
"FBS","Bilans Alimentaires (2010-)","KHM","Cambodge","664","Disponibilité alimentaire (Kcal/personne/jour)","S2734","Viande de Volailles","2022","2022","kcal/personne/jour","7.43","E","Valeur estimée",""
"FBS","Bilans Alimentaires (2010-)","CMR","Cameroun","664","Disponibilité alimentaire (Kcal/personne/jour)","S2901","Total General","2022","2022","kcal/personne/jour","2840","E","Valeur estimée",""
"FBS","Bilans Alimentaires (2010-)","CMR","Cameroun","664","Disponibilité alimentaire (Kcal/personne/jour)","S2734","Viande de Volailles","2022","2022","kcal/personne/jour","16.8","E","Valeur estimée",""
"FBS","Bilans Alimentaires (2010-)","CAN","Canada","664","Disponibilité alimentaire (Kcal/personne/jour)","S2901","Total General","2022","2022","kcal/personne/jour","3606","E","Valeur estimée",""
"FBS","Bilans Alimentaires (2010-)","CAN","Canada","664","Disponibilité alimentaire (Kcal/personne/jour)","S2734","Viande de Volailles","2022","2022","kcal/personne/jour","153.72","E","Valeur estimée",""
"FBS","Bilans Alimentaires (2010-)","CHL","Chili","664","Disponibilité alimentaire (Kcal/personne/jour)","S2901","Total General","2022","2022","kcal/personne/jour","3106","E","Valeur estimée",""
"FBS","Bilans Alimentaires (2010-)","CHL","Chili","664","Disponibilité alimentaire (Kcal/personne/jour)","S2734","Viande de Volailles","2022","2022","kcal/personne/jour","144.18","E","Valeur estimée",""
"FBS","Bilans Alimentaires (2010-)","F351","Chine","664","Disponibilité alimentaire (Kcal/personne/jour)","S2901","Total General","2022","2022","kcal/personne/jour","3441","E","Valeur estimée",""
"FBS","Bilans Alimentaires (2010-)","F351","Chine","664","Disponibilité alimentaire (Kcal/personne/jour)","S2734","Viande de Volailles","2022","2022","kcal/personne/jour","80.83","E","Valeur estimée",""
"FBS","Bilans Alimentaires (2010-)","HKG","Chine - RAS de Hong-Kong","664","Disponibilité alimentaire (Kcal/personne/jour)","S2901","Total General","2022","2022","kcal/personne/jour","2996","E","Valeur estimée",""
"FBS","Bilans Alimentaires (2010-)","HKG","Chine - RAS de Hong-Kong","664","Disponibilité alimentaire (Kcal/personne/jour)","S2734","Viande de Volailles","2022","2022","kcal/personne/jour","185.97","E","Valeur estimée",""
"FBS","Bilans Alimentaires (2010-)","MAC","Chine - RAS de Macao","664","Disponibilité alimentaire (Kcal/personne/jour)","S2901","Total General","2022","2022","kcal/personne/jour","2937","E","Valeur estimée",""
"FBS","Bilans Alimentaires (2010-)","MAC","Chine - RAS de Macao","664","Disponibilité alimentaire (Kcal/personne/jour)","S2734","Viande de Volailles","2022","2022","kcal/personne/jour","196.81","E","Valeur estimée",""
"FBS","Bilans Alimentaires (2010-)","CHN","Chine, continentale","664","Disponibilité alimentaire (Kcal/personne/jour)","S2901","Total General","2022","2022","kcal/personne/jour","3452","E","Valeur estimée",""
"FBS","Bilans Alimentaires (2010-)","CHN","Chine, continentale","664","Disponibilité alimentaire (Kcal/personne/jour)","S2734","Viande de Volailles","2022","2022","kcal/personne/jour","78.89","E","Valeur estimée",""
"FBS","Bilans Alimentaires (2010-)","TWN","Chine, Taiwan Province de","664","Disponibilité alimentaire (Kcal/personne/jour)","S2901","Total General","2022","2022","kcal/personne/jour","2957","E","Valeur estimée",""
"FBS","Bilans Alimentaires (2010-)","TWN","Chine, Taiwan Province de","664","Disponibilité alimentaire (Kcal/personne/jour)","S2734","Viande de Volailles","2022","2022","kcal/personne/jour","160.09","E","Valeur estimée",""
"FBS","Bilans Alimentaires (2010-)","CYP","Chypre","664","Disponibilité alimentaire (Kcal/personne/jour)","S2901","Total General","2022","2022","kcal/personne/jour","3037","E","Valeur estimée",""
"FBS","Bilans Alimentaires (2010-)","CYP","Chypre","664","Disponibilité alimentaire (Kcal/personne/jour)","S2734","Viande de Volailles","2022","2022","kcal/personne/jour","112.02","E","Valeur estimée",""
"FBS","Bilans Alimentaires (2010-)","COL","Colombie","664","Disponibilité alimentaire (Kcal/personne/jour)","S2901","Total General","2022","2022","kcal/personne/jour","3112","E","Valeur estimée",""
"FBS","Bilans Alimentaires (2010-)","COL","Colombie","664","Disponibilité alimentaire (Kcal/personne/jour)","S2734","Viande de Volailles","2022","2022","kcal/personne/jour","138.46","E","Valeur estimée",""
"FBS","Bilans Alimentaires (2010-)","COM","Comores","664","Disponibilité alimentaire (Kcal/personne/jour)","S2901","Total General","2022","2022","kcal/personne/jour","2416","E","Valeur estimée",""
"FBS","Bilans Alimentaires (2010-)","COM","Comores","664","Disponibilité alimentaire (Kcal/personne/jour)","S2734","Viande de Volailles","2022","2022","kcal/personne/jour","87.26","E","Valeur estimée",""
"FBS","Bilans Alimentaires (2010-)","COG","Congo","664","Disponibilité alimentaire (Kcal/personne/jour)","S2901","Total General","2022","2022","kcal/personne/jour","2191","E","Valeur estimée",""
"FBS","Bilans Alimentaires (2010-)","COG","Congo","664","Disponibilité alimentaire (Kcal/personne/jour)","S2734","Viande de Volailles","2022","2022","kcal/personne/jour","103.74","E","Valeur estimée",""
"FBS","Bilans Alimentaires (2010-)","CRI","Costa Rica","664","Disponibilité alimentaire (Kcal/personne/jour)","S2901","Total General","2022","2022","kcal/personne/jour","2942","E","Valeur estimée",""
"FBS","Bilans Alimentaires (2010-)","CRI","Costa Rica","664","Disponibilité alimentaire (Kcal/personne/jour)","S2734","Viande de Volailles","2022","2022","kcal/personne/jour","121.71","E","Valeur estimée",""
"FBS","Bilans Alimentaires (2010-)","CIV","Côte d'Ivoire","664","Disponibilité alimentaire (Kcal/personne/jour)","S2901","Total General","2022","2022","kcal/personne/jour","2953","E","Valeur estimée",""
"FBS","Bilans Alimentaires (2010-)","CIV","Côte d'Ivoire","664","Disponibilité alimentaire (Kcal/personne/jour)","S2734","Viande de Volailles","2022","2022","kcal/personne/jour","9.26","E","Valeur estimée",""
"FBS","Bilans Alimentaires (2010-)","HRV","Croatie","664","Disponibilité alimentaire (Kcal/personne/jour)","S2901","Total General","2022","2022","kcal/personne/jour","3317","E","Valeur estimée",""
"FBS","Bilans Alimentaires (2010-)","HRV","Croatie","664","Disponibilité alimentaire (Kcal/personne/jour)","S2734","Viande de Volailles","2022","2022","kcal/personne/jour","71.98","E","Valeur estimée",""
"FBS","Bilans Alimentaires (2010-)","CUB","Cuba","664","Disponibilité alimentaire (Kcal/personne/jour)","S2901","Total General","2022","2022","kcal/personne/jour","3270","E","Valeur estimée",""
"FBS","Bilans Alimentaires (2010-)","CUB","Cuba","664","Disponibilité alimentaire (Kcal/personne/jour)","S2734","Viande de Volailles","2022","2022","kcal/personne/jour","112.59","E","Valeur estimée",""
"FBS","Bilans Alimentaires (2010-)","DNK","Danemark","664","Disponibilité alimentaire (Kcal/personne/jour)","S2901","Total General","2022","2022","kcal/personne/jour","3592","E","Valeur estimée",""
"FBS","Bilans Alimentaires (2010-)","DNK","Danemark","664","Disponibilité alimentaire (Kcal/personne/jour)","S2734","Viande de Volailles","2022","2022","kcal/personne/jour","69.74","E","Valeur estimée",""
"FBS","Bilans Alimentaires (2010-)","DJI","Djibouti","664","Disponibilité alimentaire (Kcal/personne/jour)","S2901","Total General","2022","2022","kcal/personne/jour","2766","E","Valeur estimée",""
"FBS","Bilans Alimentaires (2010-)","DJI","Djibouti","664","Disponibilité alimentaire (Kcal/personne/jour)","S2734","Viande de Volailles","2022","2022","kcal/personne/jour","15.15","E","Valeur estimée",""
"FBS","Bilans Alimentaires (2010-)","DMA","Dominique","664","Disponibilité alimentaire (Kcal/personne/jour)","S2901","Total General","2022","2022","kcal/personne/jour","3013","E","Valeur estimée",""
"FBS","Bilans Alimentaires (2010-)","DMA","Dominique","664","Disponibilité alimentaire (Kcal/personne/jour)","S2734","Viande de Volailles","2022","2022","kcal/personne/jour","174.27","E","Valeur estimée",""
"FBS","Bilans Alimentaires (2010-)","EGY","Égypte","664","Disponibilité alimentaire (Kcal/personne/jour)","S2901","Total General","2022","2022","kcal/personne/jour","3116","E","Valeur estimée",""
"FBS","Bilans Alimentaires (2010-)","EGY","Égypte","664","Disponibilité alimentaire (Kcal/personne/jour)","S2734","Viande de Volailles","2022","2022","kcal/personne/jour","90.78","E","Valeur estimée",""
"FBS","Bilans Alimentaires (2010-)","SLV","El Salvador","664","Disponibilité alimentaire (Kcal/personne/jour)","S2901","Total General","2022","2022","kcal/personne/jour","2836","E","Valeur estimée",""
"FBS","Bilans Alimentaires (2010-)","SLV","El Salvador","664","Disponibilité alimentaire (Kcal/personne/jour)","S2734","Viande de Volailles","2022","2022","kcal/personne/jour","106.43","E","Valeur estimée",""
"FBS","Bilans Alimentaires (2010-)","ARE","Émirats arabes unis","664","Disponibilité alimentaire (Kcal/personne/jour)","S2901","Total General","2022","2022","kcal/personne/jour","3321","E","Valeur estimée",""
"FBS","Bilans Alimentaires (2010-)","ARE","Émirats arabes unis","664","Disponibilité alimentaire (Kcal/personne/jour)","S2734","Viande de Volailles","2022","2022","kcal/personne/jour","208.4","E","Valeur estimée",""
"FBS","Bilans Alimentaires (2010-)","ECU","Équateur","664","Disponibilité alimentaire (Kcal/personne/jour)","S2901","Total General","2022","2022","kcal/personne/jour","2549","E","Valeur estimée",""
"FBS","Bilans Alimentaires (2010-)","ECU","Équateur","664","Disponibilité alimentaire (Kcal/personne/jour)","S2734","Viande de Volailles","2022","2022","kcal/personne/jour","108.6","E","Valeur estimée",""
"FBS","Bilans Alimentaires (2010-)","ESP","Espagne","664","Disponibilité alimentaire (Kcal/personne/jour)","S2901","Total General","2022","2022","kcal/personne/jour","3375","E","Valeur estimée",""
"FBS","Bilans Alimentaires (2010-)","ESP","Espagne","664","Disponibilité alimentaire (Kcal/personne/jour)","S2734","Viande de Volailles","2022","2022","kcal/personne/jour","119.16","E","Valeur estimée",""
"FBS","Bilans Alimentaires (2010-)","EST","Estonie","664","Disponibilité alimentaire (Kcal/personne/jour)","S2901","Total General","2022","2022","kcal/personne/jour","3298","E","Valeur estimée",""
"FBS","Bilans Alimentaires (2010-)","EST","Estonie","664","Disponibilité alimentaire (Kcal/personne/jour)","S2734","Viande de Volailles","2022","2022","kcal/personne/jour","94.65","E","Valeur estimée",""
"FBS","Bilans Alimentaires (2010-)","SWZ","Eswatini","664","Disponibilité alimentaire (Kcal/personne/jour)","S2901","Total General","2022","2022","kcal/personne/jour","2553","E","Valeur estimée",""
"FBS","Bilans Alimentaires (2010-)","SWZ","Eswatini","664","Disponibilité alimentaire (Kcal/personne/jour)","S2734","Viande de Volailles","2022","2022","kcal/personne/jour","23.68","E","Valeur estimée",""
"FBS","Bilans Alimentaires (2010-)","USA","États-Unis d'Amérique","664","Disponibilité alimentaire (Kcal/personne/jour)","S2901","Total General","2022","2022","kcal/personne/jour","3912","E","Valeur estimée",""
"FBS","Bilans Alimentaires (2010-)","USA","États-Unis d'Amérique","664","Disponibilité alimentaire (Kcal/personne/jour)","S2734","Viande de Volailles","2022","2022","kcal/personne/jour","198.23","E","Valeur estimée",""
"FBS","Bilans Alimentaires (2010-)","ETH","Éthiopie","664","Disponibilité alimentaire (Kcal/personne/jour)","S2901","Total General","2022","2022","kcal/personne/jour","2481","E","Valeur estimée",""
"FBS","Bilans Alimentaires (2010-)","ETH","Éthiopie","664","Disponibilité alimentaire (Kcal/personne/jour)","S2734","Viande de Volailles","2022","2022","kcal/personne/jour","1.49","E","Valeur estimée",""
"FBS","Bilans Alimentaires (2010-)","RUS","Fédération de Russie","664","Disponibilité alimentaire (Kcal/personne/jour)","S2901","Total General","2022","2022","kcal/personne/jour","3454","E","Valeur estimée",""
"FBS","Bilans Alimentaires (2010-)","RUS","Fédération de Russie","664","Disponibilité alimentaire (Kcal/personne/jour)","S2734","Viande de Volailles","2022","2022","kcal/personne/jour","129.38","E","Valeur estimée",""
"FBS","Bilans Alimentaires (2010-)","FJI","Fidji","664","Disponibilité alimentaire (Kcal/personne/jour)","S2901","Total General","2022","2022","kcal/personne/jour","2949","E","Valeur estimée",""
"FBS","Bilans Alimentaires (2010-)","FJI","Fidji","664","Disponibilité alimentaire (Kcal/personne/jour)","S2734","Viande de Volailles","2022","2022","kcal/personne/jour","141.15","E","Valeur estimée",""
"FBS","Bilans Alimentaires (2010-)","FIN","Finlande","664","Disponibilité alimentaire (Kcal/personne/jour)","S2901","Total General","2022","2022","kcal/personne/jour","3378","E","Valeur estimée",""
"FBS","Bilans Alimentaires (2010-)","FIN","Finlande","664","Disponibilité alimentaire (Kcal/personne/jour)","S2734","Viande de Volailles","2022","2022","kcal/personne/jour","90.52","E","Valeur estimée",""
"FBS","Bilans Alimentaires (2010-)","FRA","France","664","Disponibilité alimentaire (Kcal/personne/jour)","S2901","Total General","2022","2022","kcal/personne/jour","3595","E","Valeur estimée",""
"FBS","Bilans Alimentaires (2010-)","FRA","France","664","Disponibilité alimentaire (Kcal/personne/jour)","S2734","Viande de Volailles","2022","2022","kcal/personne/jour","93.48","E","Valeur estimée",""
"FBS","Bilans Alimentaires (2010-)","GAB","Gabon","664","Disponibilité alimentaire (Kcal/personne/jour)","S2901","Total General","2022","2022","kcal/personne/jour","2552","E","Valeur estimée",""
"FBS","Bilans Alimentaires (2010-)","GAB","Gabon","664","Disponibilité alimentaire (Kcal/personne/jour)","S2734","Viande de Volailles","2022","2022","kcal/personne/jour","143.08","E","Valeur estimée",""
"FBS","Bilans Alimentaires (2010-)","GMB","Gambie","664","Disponibilité alimentaire (Kcal/personne/jour)","S2901","Total General","2022","2022","kcal/personne/jour","2452","E","Valeur estimée",""
"FBS","Bilans Alimentaires (2010-)","GMB","Gambie","664","Disponibilité alimentaire (Kcal/personne/jour)","S2734","Viande de Volailles","2022","2022","kcal/personne/jour","76.98","E","Valeur estimée",""
"FBS","Bilans Alimentaires (2010-)","GEO","Géorgie","664","Disponibilité alimentaire (Kcal/personne/jour)","S2901","Total General","2022","2022","kcal/personne/jour","3106","E","Valeur estimée",""
"FBS","Bilans Alimentaires (2010-)","GEO","Géorgie","664","Disponibilité alimentaire (Kcal/personne/jour)","S2734","Viande de Volailles","2022","2022","kcal/personne/jour","72.54","E","Valeur estimée",""
"FBS","Bilans Alimentaires (2010-)","GHA","Ghana","664","Disponibilité alimentaire (Kcal/personne/jour)","S2901","Total General","2022","2022","kcal/personne/jour","3102","E","Valeur estimée",""
"FBS","Bilans Alimentaires (2010-)","GHA","Ghana","664","Disponibilité alimentaire (Kcal/personne/jour)","S2734","Viande de Volailles","2022","2022","kcal/personne/jour","35.96","E","Valeur estimée",""
"FBS","Bilans Alimentaires (2010-)","GRC","Grèce","664","Disponibilité alimentaire (Kcal/personne/jour)","S2901","Total General","2022","2022","kcal/personne/jour","3398","E","Valeur estimée",""
"FBS","Bilans Alimentaires (2010-)","GRC","Grèce","664","Disponibilité alimentaire (Kcal/personne/jour)","S2734","Viande de Volailles","2022","2022","kcal/personne/jour","98.55","E","Valeur estimée",""
"FBS","Bilans Alimentaires (2010-)","GRD","Grenade","664","Disponibilité alimentaire (Kcal/personne/jour)","S2901","Total General","2022","2022","kcal/personne/jour","2613","E","Valeur estimée",""
"FBS","Bilans Alimentaires (2010-)","GRD","Grenade","664","Disponibilité alimentaire (Kcal/personne/jour)","S2734","Viande de Volailles","2022","2022","kcal/personne/jour","185.89","E","Valeur estimée",""
"FBS","Bilans Alimentaires (2010-)","GTM","Guatemala","664","Disponibilité alimentaire (Kcal/personne/jour)","S2901","Total General","2022","2022","kcal/personne/jour","2791","E","Valeur estimée",""
"FBS","Bilans Alimentaires (2010-)","GTM","Guatemala","664","Disponibilité alimentaire (Kcal/personne/jour)","S2734","Viande de Volailles","2022","2022","kcal/personne/jour","111.52","E","Valeur estimée",""
"FBS","Bilans Alimentaires (2010-)","GIN","Guinée","664","Disponibilité alimentaire (Kcal/personne/jour)","S2901","Total General","2022","2022","kcal/personne/jour","2913","E","Valeur estimée",""
"FBS","Bilans Alimentaires (2010-)","GIN","Guinée","664","Disponibilité alimentaire (Kcal/personne/jour)","S2734","Viande de Volailles","2022","2022","kcal/personne/jour","17.38","E","Valeur estimée",""
"FBS","Bilans Alimentaires (2010-)","GNB","Guinée-Bissau","664","Disponibilité alimentaire (Kcal/personne/jour)","S2901","Total General","2022","2022","kcal/personne/jour","2291","E","Valeur estimée",""
"FBS","Bilans Alimentaires (2010-)","GNB","Guinée-Bissau","664","Disponibilité alimentaire (Kcal/personne/jour)","S2734","Viande de Volailles","2022","2022","kcal/personne/jour","11.11","E","Valeur estimée",""
"FBS","Bilans Alimentaires (2010-)","GUY","Guyana","664","Disponibilité alimentaire (Kcal/personne/jour)","S2901","Total General","2022","2022","kcal/personne/jour","3253","E","Valeur estimée",""
"FBS","Bilans Alimentaires (2010-)","GUY","Guyana","664","Disponibilité alimentaire (Kcal/personne/jour)","S2734","Viande de Volailles","2022","2022","kcal/personne/jour","249.03","E","Valeur estimée",""
"FBS","Bilans Alimentaires (2010-)","HTI","Haïti","664","Disponibilité alimentaire (Kcal/personne/jour)","S2901","Total General","2022","2022","kcal/personne/jour","1978","E","Valeur estimée",""
"FBS","Bilans Alimentaires (2010-)","HTI","Haïti","664","Disponibilité alimentaire (Kcal/personne/jour)","S2734","Viande de Volailles","2022","2022","kcal/personne/jour","37.36","E","Valeur estimée",""
"FBS","Bilans Alimentaires (2010-)","HND","Honduras","664","Disponibilité alimentaire (Kcal/personne/jour)","S2901","Total General","2022","2022","kcal/personne/jour","2654","E","Valeur estimée",""
"FBS","Bilans Alimentaires (2010-)","HND","Honduras","664","Disponibilité alimentaire (Kcal/personne/jour)","S2734","Viande de Volailles","2022","2022","kcal/personne/jour","98.26","E","Valeur estimée",""
"FBS","Bilans Alimentaires (2010-)","HUN","Hongrie","664","Disponibilité alimentaire (Kcal/personne/jour)","S2901","Total General","2022","2022","kcal/personne/jour","3430","E","Valeur estimée",""
"FBS","Bilans Alimentaires (2010-)","HUN","Hongrie","664","Disponibilité alimentaire (Kcal/personne/jour)","S2734","Viande de Volailles","2022","2022","kcal/personne/jour","94.18","E","Valeur estimée",""
"FBS","Bilans Alimentaires (2010-)","MHL","Îles Marshall","664","Disponibilité alimentaire (Kcal/personne/jour)","S2901","Total General","2022","2022","kcal/personne/jour","3270","E","Valeur estimée",""
"FBS","Bilans Alimentaires (2010-)","MHL","Îles Marshall","664","Disponibilité alimentaire (Kcal/personne/jour)","S2734","Viande de Volailles","2022","2022","kcal/personne/jour","280.32","E","Valeur estimée",""
"FBS","Bilans Alimentaires (2010-)","SLB","Îles Salomon","664","Disponibilité alimentaire (Kcal/personne/jour)","S2901","Total General","2022","2022","kcal/personne/jour","2306","E","Valeur estimée",""
"FBS","Bilans Alimentaires (2010-)","SLB","Îles Salomon","664","Disponibilité alimentaire (Kcal/personne/jour)","S2734","Viande de Volailles","2022","2022","kcal/personne/jour","37.84","E","Valeur estimée",""
"FBS","Bilans Alimentaires (2010-)","IND","Inde","664","Disponibilité alimentaire (Kcal/personne/jour)","S2901","Total General","2022","2022","kcal/personne/jour","2589","E","Valeur estimée",""
"FBS","Bilans Alimentaires (2010-)","IND","Inde","664","Disponibilité alimentaire (Kcal/personne/jour)","S2734","Viande de Volailles","2022","2022","kcal/personne/jour","13.21","E","Valeur estimée",""
"FBS","Bilans Alimentaires (2010-)","IDN","Indonésie","664","Disponibilité alimentaire (Kcal/personne/jour)","S2901","Total General","2022","2022","kcal/personne/jour","2830","E","Valeur estimée",""
"FBS","Bilans Alimentaires (2010-)","IDN","Indonésie","664","Disponibilité alimentaire (Kcal/personne/jour)","S2734","Viande de Volailles","2022","2022","kcal/personne/jour","56.01","E","Valeur estimée",""
"FBS","Bilans Alimentaires (2010-)","IRN","Iran (République islamique d')","664","Disponibilité alimentaire (Kcal/personne/jour)","S2901","Total General","2022","2022","kcal/personne/jour","2879","E","Valeur estimée",""
"FBS","Bilans Alimentaires (2010-)","IRN","Iran (République islamique d')","664","Disponibilité alimentaire (Kcal/personne/jour)","S2734","Viande de Volailles","2022","2022","kcal/personne/jour","92.86","E","Valeur estimée",""
"FBS","Bilans Alimentaires (2010-)","IRQ","Iraq","664","Disponibilité alimentaire (Kcal/personne/jour)","S2901","Total General","2022","2022","kcal/personne/jour","2685","E","Valeur estimée",""
"FBS","Bilans Alimentaires (2010-)","IRQ","Iraq","664","Disponibilité alimentaire (Kcal/personne/jour)","S2734","Viande de Volailles","2022","2022","kcal/personne/jour","62.19","E","Valeur estimée",""
"FBS","Bilans Alimentaires (2010-)","IRL","Irlande","664","Disponibilité alimentaire (Kcal/personne/jour)","S2901","Total General","2022","2022","kcal/personne/jour","3911","E","Valeur estimée",""
"FBS","Bilans Alimentaires (2010-)","IRL","Irlande","664","Disponibilité alimentaire (Kcal/personne/jour)","S2734","Viande de Volailles","2022","2022","kcal/personne/jour","168.5","E","Valeur estimée",""
"FBS","Bilans Alimentaires (2010-)","ISL","Islande","664","Disponibilité alimentaire (Kcal/personne/jour)","S2901","Total General","2022","2022","kcal/personne/jour","3677","E","Valeur estimée",""
"FBS","Bilans Alimentaires (2010-)","ISL","Islande","664","Disponibilité alimentaire (Kcal/personne/jour)","S2734","Viande de Volailles","2022","2022","kcal/personne/jour","116.64","E","Valeur estimée",""
"FBS","Bilans Alimentaires (2010-)","ISR","Israël","664","Disponibilité alimentaire (Kcal/personne/jour)","S2901","Total General","2022","2022","kcal/personne/jour","3923","E","Valeur estimée",""
"FBS","Bilans Alimentaires (2010-)","ISR","Israël","664","Disponibilité alimentaire (Kcal/personne/jour)","S2734","Viande de Volailles","2022","2022","kcal/personne/jour","263.98","E","Valeur estimée",""
"FBS","Bilans Alimentaires (2010-)","ITA","Italie","664","Disponibilité alimentaire (Kcal/personne/jour)","S2901","Total General","2022","2022","kcal/personne/jour","3703","E","Valeur estimée",""
"FBS","Bilans Alimentaires (2010-)","ITA","Italie","664","Disponibilité alimentaire (Kcal/personne/jour)","S2734","Viande de Volailles","2022","2022","kcal/personne/jour","74.87","E","Valeur estimée",""
"FBS","Bilans Alimentaires (2010-)","JAM","Jamaïque","664","Disponibilité alimentaire (Kcal/personne/jour)","S2901","Total General","2022","2022","kcal/personne/jour","2928","E","Valeur estimée",""
"FBS","Bilans Alimentaires (2010-)","JAM","Jamaïque","664","Disponibilité alimentaire (Kcal/personne/jour)","S2734","Viande de Volailles","2022","2022","kcal/personne/jour","210.35","E","Valeur estimée",""
"FBS","Bilans Alimentaires (2010-)","JPN","Japon","664","Disponibilité alimentaire (Kcal/personne/jour)","S2901","Total General","2022","2022","kcal/personne/jour","2693","E","Valeur estimée",""
"FBS","Bilans Alimentaires (2010-)","JPN","Japon","664","Disponibilité alimentaire (Kcal/personne/jour)","S2734","Viande de Volailles","2022","2022","kcal/personne/jour","108.68","E","Valeur estimée",""
"FBS","Bilans Alimentaires (2010-)","JOR","Jordanie","664","Disponibilité alimentaire (Kcal/personne/jour)","S2901","Total General","2022","2022","kcal/personne/jour","2557","E","Valeur estimée",""
"FBS","Bilans Alimentaires (2010-)","JOR","Jordanie","664","Disponibilité alimentaire (Kcal/personne/jour)","S2734","Viande de Volailles","2022","2022","kcal/personne/jour","100.35","E","Valeur estimée",""
"FBS","Bilans Alimentaires (2010-)","KAZ","Kazakhstan","664","Disponibilité alimentaire (Kcal/personne/jour)","S2901","Total General","2022","2022","kcal/personne/jour","3440","E","Valeur estimée",""
"FBS","Bilans Alimentaires (2010-)","KAZ","Kazakhstan","664","Disponibilité alimentaire (Kcal/personne/jour)","S2734","Viande de Volailles","2022","2022","kcal/personne/jour","83","E","Valeur estimée",""
"FBS","Bilans Alimentaires (2010-)","KEN","Kenya","664","Disponibilité alimentaire (Kcal/personne/jour)","S2901","Total General","2022","2022","kcal/personne/jour","2100","E","Valeur estimée",""
"FBS","Bilans Alimentaires (2010-)","KEN","Kenya","664","Disponibilité alimentaire (Kcal/personne/jour)","S2734","Viande de Volailles","2022","2022","kcal/personne/jour","7.82","E","Valeur estimée",""
"FBS","Bilans Alimentaires (2010-)","KGZ","Kirghizistan","664","Disponibilité alimentaire (Kcal/personne/jour)","S2901","Total General","2022","2022","kcal/personne/jour","2761","E","Valeur estimée",""
"FBS","Bilans Alimentaires (2010-)","KGZ","Kirghizistan","664","Disponibilité alimentaire (Kcal/personne/jour)","S2734","Viande de Volailles","2022","2022","kcal/personne/jour","28.74","E","Valeur estimée",""
"FBS","Bilans Alimentaires (2010-)","KIR","Kiribati","664","Disponibilité alimentaire (Kcal/personne/jour)","S2901","Total General","2022","2022","kcal/personne/jour","3096","E","Valeur estimée",""
"FBS","Bilans Alimentaires (2010-)","KIR","Kiribati","664","Disponibilité alimentaire (Kcal/personne/jour)","S2734","Viande de Volailles","2022","2022","kcal/personne/jour","90.96","E","Valeur estimée",""
"FBS","Bilans Alimentaires (2010-)","KWT","Koweït","664","Disponibilité alimentaire (Kcal/personne/jour)","S2901","Total General","2022","2022","kcal/personne/jour","3508","E","Valeur estimée",""
"FBS","Bilans Alimentaires (2010-)","KWT","Koweït","664","Disponibilité alimentaire (Kcal/personne/jour)","S2734","Viande de Volailles","2022","2022","kcal/personne/jour","199.06","E","Valeur estimée",""
"FBS","Bilans Alimentaires (2010-)","LSO","Lesotho","664","Disponibilité alimentaire (Kcal/personne/jour)","S2901","Total General","2022","2022","kcal/personne/jour","1806","E","Valeur estimée",""
"FBS","Bilans Alimentaires (2010-)","LSO","Lesotho","664","Disponibilité alimentaire (Kcal/personne/jour)","S2734","Viande de Volailles","2022","2022","kcal/personne/jour","3.87","E","Valeur estimée",""
"FBS","Bilans Alimentaires (2010-)","LVA","Lettonie","664","Disponibilité alimentaire (Kcal/personne/jour)","S2901","Total General","2022","2022","kcal/personne/jour","3313","E","Valeur estimée",""
"FBS","Bilans Alimentaires (2010-)","LVA","Lettonie","664","Disponibilité alimentaire (Kcal/personne/jour)","S2734","Viande de Volailles","2022","2022","kcal/personne/jour","111.89","E","Valeur estimée",""
"FBS","Bilans Alimentaires (2010-)","LBN","Liban","664","Disponibilité alimentaire (Kcal/personne/jour)","S2901","Total General","2022","2022","kcal/personne/jour","2926","E","Valeur estimée",""
"FBS","Bilans Alimentaires (2010-)","LBN","Liban","664","Disponibilité alimentaire (Kcal/personne/jour)","S2734","Viande de Volailles","2022","2022","kcal/personne/jour","89.43","E","Valeur estimée",""
"FBS","Bilans Alimentaires (2010-)","LBR","Libéria","664","Disponibilité alimentaire (Kcal/personne/jour)","S2901","Total General","2022","2022","kcal/personne/jour","2103","E","Valeur estimée",""
"FBS","Bilans Alimentaires (2010-)","LBR","Libéria","664","Disponibilité alimentaire (Kcal/personne/jour)","S2734","Viande de Volailles","2022","2022","kcal/personne/jour","48.83","E","Valeur estimée",""
"FBS","Bilans Alimentaires (2010-)","LBY","Libye","664","Disponibilité alimentaire (Kcal/personne/jour)","S2901","Total General","2022","2022","kcal/personne/jour","3195","E","Valeur estimée",""
"FBS","Bilans Alimentaires (2010-)","LBY","Libye","664","Disponibilité alimentaire (Kcal/personne/jour)","S2734","Viande de Volailles","2022","2022","kcal/personne/jour","130.7","E","Valeur estimée",""
"FBS","Bilans Alimentaires (2010-)","LTU","Lituanie","664","Disponibilité alimentaire (Kcal/personne/jour)","S2901","Total General","2022","2022","kcal/personne/jour","3407","E","Valeur estimée",""
"FBS","Bilans Alimentaires (2010-)","LTU","Lituanie","664","Disponibilité alimentaire (Kcal/personne/jour)","S2734","Viande de Volailles","2022","2022","kcal/personne/jour","100.02","E","Valeur estimée",""
"FBS","Bilans Alimentaires (2010-)","LUX","Luxembourg","664","Disponibilité alimentaire (Kcal/personne/jour)","S2901","Total General","2022","2022","kcal/personne/jour","3483","E","Valeur estimée",""
"FBS","Bilans Alimentaires (2010-)","LUX","Luxembourg","664","Disponibilité alimentaire (Kcal/personne/jour)","S2734","Viande de Volailles","2022","2022","kcal/personne/jour","78.27","E","Valeur estimée",""
"FBS","Bilans Alimentaires (2010-)","MKD","Macédoine du Nord","664","Disponibilité alimentaire (Kcal/personne/jour)","S2901","Total General","2022","2022","kcal/personne/jour","3148","E","Valeur estimée",""
"FBS","Bilans Alimentaires (2010-)","MKD","Macédoine du Nord","664","Disponibilité alimentaire (Kcal/personne/jour)","S2734","Viande de Volailles","2022","2022","kcal/personne/jour","69.09","E","Valeur estimée",""
"FBS","Bilans Alimentaires (2010-)","MDG","Madagascar","664","Disponibilité alimentaire (Kcal/personne/jour)","S2901","Total General","2022","2022","kcal/personne/jour","1979","E","Valeur estimée",""
"FBS","Bilans Alimentaires (2010-)","MDG","Madagascar","664","Disponibilité alimentaire (Kcal/personne/jour)","S2734","Viande de Volailles","2022","2022","kcal/personne/jour","13.3","E","Valeur estimée",""
"FBS","Bilans Alimentaires (2010-)","MYS","Malaisie","664","Disponibilité alimentaire (Kcal/personne/jour)","S2901","Total General","2022","2022","kcal/personne/jour","3003","E","Valeur estimée",""
"FBS","Bilans Alimentaires (2010-)","MYS","Malaisie","664","Disponibilité alimentaire (Kcal/personne/jour)","S2734","Viande de Volailles","2022","2022","kcal/personne/jour","202.57","E","Valeur estimée",""
"FBS","Bilans Alimentaires (2010-)","MWI","Malawi","664","Disponibilité alimentaire (Kcal/personne/jour)","S2901","Total General","2022","2022","kcal/personne/jour","2643","E","Valeur estimée",""
"FBS","Bilans Alimentaires (2010-)","MWI","Malawi","664","Disponibilité alimentaire (Kcal/personne/jour)","S2734","Viande de Volailles","2022","2022","kcal/personne/jour","27.23","E","Valeur estimée",""
"FBS","Bilans Alimentaires (2010-)","MDV","Maldives","664","Disponibilité alimentaire (Kcal/personne/jour)","S2901","Total General","2022","2022","kcal/personne/jour","2653","E","Valeur estimée",""
"FBS","Bilans Alimentaires (2010-)","MDV","Maldives","664","Disponibilité alimentaire (Kcal/personne/jour)","S2734","Viande de Volailles","2022","2022","kcal/personne/jour","83.45","E","Valeur estimée",""
"FBS","Bilans Alimentaires (2010-)","MLI","Mali","664","Disponibilité alimentaire (Kcal/personne/jour)","S2901","Total General","2022","2022","kcal/personne/jour","2792","E","Valeur estimée",""
"FBS","Bilans Alimentaires (2010-)","MLI","Mali","664","Disponibilité alimentaire (Kcal/personne/jour)","S2734","Viande de Volailles","2022","2022","kcal/personne/jour","9.68","E","Valeur estimée",""
"FBS","Bilans Alimentaires (2010-)","MLT","Malte","664","Disponibilité alimentaire (Kcal/personne/jour)","S2901","Total General","2022","2022","kcal/personne/jour","3298","E","Valeur estimée",""
"FBS","Bilans Alimentaires (2010-)","MLT","Malte","664","Disponibilité alimentaire (Kcal/personne/jour)","S2734","Viande de Volailles","2022","2022","kcal/personne/jour","96.56","E","Valeur estimée",""
"FBS","Bilans Alimentaires (2010-)","MAR","Maroc","664","Disponibilité alimentaire (Kcal/personne/jour)","S2901","Total General","2022","2022","kcal/personne/jour","3328","E","Valeur estimée",""
"FBS","Bilans Alimentaires (2010-)","MAR","Maroc","664","Disponibilité alimentaire (Kcal/personne/jour)","S2734","Viande de Volailles","2022","2022","kcal/personne/jour","64.11","E","Valeur estimée",""
"FBS","Bilans Alimentaires (2010-)","MUS","Maurice","664","Disponibilité alimentaire (Kcal/personne/jour)","S2901","Total General","2022","2022","kcal/personne/jour","3111","E","Valeur estimée",""
"FBS","Bilans Alimentaires (2010-)","MUS","Maurice","664","Disponibilité alimentaire (Kcal/personne/jour)","S2734","Viande de Volailles","2022","2022","kcal/personne/jour","172.45","E","Valeur estimée",""
"FBS","Bilans Alimentaires (2010-)","MRT","Mauritanie","664","Disponibilité alimentaire (Kcal/personne/jour)","S2901","Total General","2022","2022","kcal/personne/jour","3000","E","Valeur estimée",""
"FBS","Bilans Alimentaires (2010-)","MRT","Mauritanie","664","Disponibilité alimentaire (Kcal/personne/jour)","S2734","Viande de Volailles","2022","2022","kcal/personne/jour","29.4","E","Valeur estimée",""
"FBS","Bilans Alimentaires (2010-)","MEX","Mexique","664","Disponibilité alimentaire (Kcal/personne/jour)","S2901","Total General","2022","2022","kcal/personne/jour","3326","E","Valeur estimée",""
"FBS","Bilans Alimentaires (2010-)","MEX","Mexique","664","Disponibilité alimentaire (Kcal/personne/jour)","S2734","Viande de Volailles","2022","2022","kcal/personne/jour","145.98","E","Valeur estimée",""
"FBS","Bilans Alimentaires (2010-)","FSM","Micronésie (États fédérés de)","664","Disponibilité alimentaire (Kcal/personne/jour)","S2901","Total General","2022","2022","kcal/personne/jour","2755","E","Valeur estimée",""
"FBS","Bilans Alimentaires (2010-)","FSM","Micronésie (États fédérés de)","664","Disponibilité alimentaire (Kcal/personne/jour)","S2734","Viande de Volailles","2022","2022","kcal/personne/jour","141.62","E","Valeur estimée",""
"FBS","Bilans Alimentaires (2010-)","MNG","Mongolie","664","Disponibilité alimentaire (Kcal/personne/jour)","S2901","Total General","2022","2022","kcal/personne/jour","3088","E","Valeur estimée",""
"FBS","Bilans Alimentaires (2010-)","MNG","Mongolie","664","Disponibilité alimentaire (Kcal/personne/jour)","S2734","Viande de Volailles","2022","2022","kcal/personne/jour","27.07","E","Valeur estimée",""
"FBS","Bilans Alimentaires (2010-)","MNE","Monténégro","664","Disponibilité alimentaire (Kcal/personne/jour)","S2901","Total General","2022","2022","kcal/personne/jour","3574","E","Valeur estimée",""
"FBS","Bilans Alimentaires (2010-)","MNE","Monténégro","664","Disponibilité alimentaire (Kcal/personne/jour)","S2734","Viande de Volailles","2022","2022","kcal/personne/jour","73.57","E","Valeur estimée",""
"FBS","Bilans Alimentaires (2010-)","MOZ","Mozambique","664","Disponibilité alimentaire (Kcal/personne/jour)","S2901","Total General","2022","2022","kcal/personne/jour","2155","E","Valeur estimée",""
"FBS","Bilans Alimentaires (2010-)","MOZ","Mozambique","664","Disponibilité alimentaire (Kcal/personne/jour)","S2734","Viande de Volailles","2022","2022","kcal/personne/jour","22.38","E","Valeur estimée",""
"FBS","Bilans Alimentaires (2010-)","MMR","Myanmar","664","Disponibilité alimentaire (Kcal/personne/jour)","S2901","Total General","2022","2022","kcal/personne/jour","2807","E","Valeur estimée",""
"FBS","Bilans Alimentaires (2010-)","MMR","Myanmar","664","Disponibilité alimentaire (Kcal/personne/jour)","S2734","Viande de Volailles","2022","2022","kcal/personne/jour","47.3","E","Valeur estimée",""
"FBS","Bilans Alimentaires (2010-)","NAM","Namibie","664","Disponibilité alimentaire (Kcal/personne/jour)","S2901","Total General","2022","2022","kcal/personne/jour","2586","E","Valeur estimée",""
"FBS","Bilans Alimentaires (2010-)","NAM","Namibie","664","Disponibilité alimentaire (Kcal/personne/jour)","S2734","Viande de Volailles","2022","2022","kcal/personne/jour","36.49","E","Valeur estimée",""
"FBS","Bilans Alimentaires (2010-)","NRU","Nauru","664","Disponibilité alimentaire (Kcal/personne/jour)","S2901","Total General","2022","2022","kcal/personne/jour","2993","E","Valeur estimée",""
"FBS","Bilans Alimentaires (2010-)","NRU","Nauru","664","Disponibilité alimentaire (Kcal/personne/jour)","S2734","Viande de Volailles","2022","2022","kcal/personne/jour","177.22","E","Valeur estimée",""
"FBS","Bilans Alimentaires (2010-)","NPL","Népal","664","Disponibilité alimentaire (Kcal/personne/jour)","S2901","Total General","2022","2022","kcal/personne/jour","2931","E","Valeur estimée",""
"FBS","Bilans Alimentaires (2010-)","NPL","Népal","664","Disponibilité alimentaire (Kcal/personne/jour)","S2734","Viande de Volailles","2022","2022","kcal/personne/jour","25.41","E","Valeur estimée",""
"FBS","Bilans Alimentaires (2010-)","NIC","Nicaragua","664","Disponibilité alimentaire (Kcal/personne/jour)","S2901","Total General","2022","2022","kcal/personne/jour","2694","E","Valeur estimée",""
"FBS","Bilans Alimentaires (2010-)","NIC","Nicaragua","664","Disponibilité alimentaire (Kcal/personne/jour)","S2734","Viande de Volailles","2022","2022","kcal/personne/jour","89.6","E","Valeur estimée",""
"FBS","Bilans Alimentaires (2010-)","NER","Niger","664","Disponibilité alimentaire (Kcal/personne/jour)","S2901","Total General","2022","2022","kcal/personne/jour","2631","E","Valeur estimée",""
"FBS","Bilans Alimentaires (2010-)","NER","Niger","664","Disponibilité alimentaire (Kcal/personne/jour)","S2734","Viande de Volailles","2022","2022","kcal/personne/jour","3.23","E","Valeur estimée",""
"FBS","Bilans Alimentaires (2010-)","NGA","Nigéria","664","Disponibilité alimentaire (Kcal/personne/jour)","S2901","Total General","2022","2022","kcal/personne/jour","2503","E","Valeur estimée",""
"FBS","Bilans Alimentaires (2010-)","NGA","Nigéria","664","Disponibilité alimentaire (Kcal/personne/jour)","S2734","Viande de Volailles","2022","2022","kcal/personne/jour","6.14","E","Valeur estimée",""
"FBS","Bilans Alimentaires (2010-)","NOR","Norvège","664","Disponibilité alimentaire (Kcal/personne/jour)","S2901","Total General","2022","2022","kcal/personne/jour","3505","E","Valeur estimée",""
"FBS","Bilans Alimentaires (2010-)","NOR","Norvège","664","Disponibilité alimentaire (Kcal/personne/jour)","S2734","Viande de Volailles","2022","2022","kcal/personne/jour","80.95","E","Valeur estimée",""
"FBS","Bilans Alimentaires (2010-)","NCL","Nouvelle-Calédonie","664","Disponibilité alimentaire (Kcal/personne/jour)","S2901","Total General","2022","2022","kcal/personne/jour","2956","E","Valeur estimée",""
"FBS","Bilans Alimentaires (2010-)","NCL","Nouvelle-Calédonie","664","Disponibilité alimentaire (Kcal/personne/jour)","S2734","Viande de Volailles","2022","2022","kcal/personne/jour","141.6","E","Valeur estimée",""
"FBS","Bilans Alimentaires (2010-)","NZL","Nouvelle-Zélande","664","Disponibilité alimentaire (Kcal/personne/jour)","S2901","Total General","2022","2022","kcal/personne/jour","3147","E","Valeur estimée",""
"FBS","Bilans Alimentaires (2010-)","NZL","Nouvelle-Zélande","664","Disponibilité alimentaire (Kcal/personne/jour)","S2734","Viande de Volailles","2022","2022","kcal/personne/jour","97.99","E","Valeur estimée",""
"FBS","Bilans Alimentaires (2010-)","OMN","Oman","664","Disponibilité alimentaire (Kcal/personne/jour)","S2901","Total General","2022","2022","kcal/personne/jour","3064","E","Valeur estimée",""
"FBS","Bilans Alimentaires (2010-)","OMN","Oman","664","Disponibilité alimentaire (Kcal/personne/jour)","S2734","Viande de Volailles","2022","2022","kcal/personne/jour","73.39","E","Valeur estimée",""
"FBS","Bilans Alimentaires (2010-)","UGA","Ouganda","664","Disponibilité alimentaire (Kcal/personne/jour)","S2901","Total General","2022","2022","kcal/personne/jour","2166","E","Valeur estimée",""
"FBS","Bilans Alimentaires (2010-)","UGA","Ouganda","664","Disponibilité alimentaire (Kcal/personne/jour)","S2734","Viande de Volailles","2022","2022","kcal/personne/jour","5.5","E","Valeur estimée",""
"FBS","Bilans Alimentaires (2010-)","UZB","Ouzbékistan","664","Disponibilité alimentaire (Kcal/personne/jour)","S2901","Total General","2022","2022","kcal/personne/jour","3272","E","Valeur estimée",""
"FBS","Bilans Alimentaires (2010-)","UZB","Ouzbékistan","664","Disponibilité alimentaire (Kcal/personne/jour)","S2734","Viande de Volailles","2022","2022","kcal/personne/jour","22.07","E","Valeur estimée",""
"FBS","Bilans Alimentaires (2010-)","PAK","Pakistan","664","Disponibilité alimentaire (Kcal/personne/jour)","S2901","Total General","2022","2022","kcal/personne/jour","2443","E","Valeur estimée",""
"FBS","Bilans Alimentaires (2010-)","PAK","Pakistan","664","Disponibilité alimentaire (Kcal/personne/jour)","S2734","Viande de Volailles","2022","2022","kcal/personne/jour","31.74","E","Valeur estimée",""
"FBS","Bilans Alimentaires (2010-)","PAN","Panama","664","Disponibilité alimentaire (Kcal/personne/jour)","S2901","Total General","2022","2022","kcal/personne/jour","3061","E","Valeur estimée",""
"FBS","Bilans Alimentaires (2010-)","PAN","Panama","664","Disponibilité alimentaire (Kcal/personne/jour)","S2734","Viande de Volailles","2022","2022","kcal/personne/jour","191.16","E","Valeur estimée",""
"FBS","Bilans Alimentaires (2010-)","PNG","Papouasie-Nouvelle-Guinée","664","Disponibilité alimentaire (Kcal/personne/jour)","S2901","Total General","2022","2022","kcal/personne/jour","2223","E","Valeur estimée",""
"FBS","Bilans Alimentaires (2010-)","PNG","Papouasie-Nouvelle-Guinée","664","Disponibilité alimentaire (Kcal/personne/jour)","S2734","Viande de Volailles","2022","2022","kcal/personne/jour","13.38","E","Valeur estimée",""
"FBS","Bilans Alimentaires (2010-)","PRY","Paraguay","664","Disponibilité alimentaire (Kcal/personne/jour)","S2901","Total General","2022","2022","kcal/personne/jour","3056","E","Valeur estimée",""
"FBS","Bilans Alimentaires (2010-)","PRY","Paraguay","664","Disponibilité alimentaire (Kcal/personne/jour)","S2734","Viande de Volailles","2022","2022","kcal/personne/jour","39.94","E","Valeur estimée",""
"FBS","Bilans Alimentaires (2010-)","NLD","Pays-Bas (Royaume des)","664","Disponibilité alimentaire (Kcal/personne/jour)","S2901","Total General","2022","2022","kcal/personne/jour","3536","E","Valeur estimée",""
"FBS","Bilans Alimentaires (2010-)","NLD","Pays-Bas (Royaume des)","664","Disponibilité alimentaire (Kcal/personne/jour)","S2734","Viande de Volailles","2022","2022","kcal/personne/jour","52.19","E","Valeur estimée",""
"FBS","Bilans Alimentaires (2010-)","PER","Pérou","664","Disponibilité alimentaire (Kcal/personne/jour)","S2901","Total General","2022","2022","kcal/personne/jour","2805","E","Valeur estimée",""
"FBS","Bilans Alimentaires (2010-)","PER","Pérou","664","Disponibilité alimentaire (Kcal/personne/jour)","S2734","Viande de Volailles","2022","2022","kcal/personne/jour","200.72","E","Valeur estimée",""
"FBS","Bilans Alimentaires (2010-)","PHL","Philippines","664","Disponibilité alimentaire (Kcal/personne/jour)","S2901","Total General","2022","2022","kcal/personne/jour","2849","E","Valeur estimée",""
"FBS","Bilans Alimentaires (2010-)","PHL","Philippines","664","Disponibilité alimentaire (Kcal/personne/jour)","S2734","Viande de Volailles","2022","2022","kcal/personne/jour","59.64","E","Valeur estimée",""
"FBS","Bilans Alimentaires (2010-)","POL","Pologne","664","Disponibilité alimentaire (Kcal/personne/jour)","S2901","Total General","2022","2022","kcal/personne/jour","3616","E","Valeur estimée",""
"FBS","Bilans Alimentaires (2010-)","POL","Pologne","664","Disponibilité alimentaire (Kcal/personne/jour)","S2734","Viande de Volailles","2022","2022","kcal/personne/jour","110.32","E","Valeur estimée",""
"FBS","Bilans Alimentaires (2010-)","PYF","Polynésie française","664","Disponibilité alimentaire (Kcal/personne/jour)","S2901","Total General","2022","2022","kcal/personne/jour","2880","E","Valeur estimée",""
"FBS","Bilans Alimentaires (2010-)","PYF","Polynésie française","664","Disponibilité alimentaire (Kcal/personne/jour)","S2734","Viande de Volailles","2022","2022","kcal/personne/jour","181.18","E","Valeur estimée",""
"FBS","Bilans Alimentaires (2010-)","PRT","Portugal","664","Disponibilité alimentaire (Kcal/personne/jour)","S2901","Total General","2022","2022","kcal/personne/jour","3510","E","Valeur estimée",""
"FBS","Bilans Alimentaires (2010-)","PRT","Portugal","664","Disponibilité alimentaire (Kcal/personne/jour)","S2734","Viande de Volailles","2022","2022","kcal/personne/jour","123.48","E","Valeur estimée",""
"FBS","Bilans Alimentaires (2010-)","QAT","Qatar","664","Disponibilité alimentaire (Kcal/personne/jour)","S2901","Total General","2022","2022","kcal/personne/jour","3540","E","Valeur estimée",""
"FBS","Bilans Alimentaires (2010-)","QAT","Qatar","664","Disponibilité alimentaire (Kcal/personne/jour)","S2734","Viande de Volailles","2022","2022","kcal/personne/jour","226.29","E","Valeur estimée",""
"FBS","Bilans Alimentaires (2010-)","SYR","République arabe syrienne","664","Disponibilité alimentaire (Kcal/personne/jour)","S2901","Total General","2022","2022","kcal/personne/jour","2387","E","Valeur estimée",""
"FBS","Bilans Alimentaires (2010-)","SYR","République arabe syrienne","664","Disponibilité alimentaire (Kcal/personne/jour)","S2734","Viande de Volailles","2022","2022","kcal/personne/jour","20.05","E","Valeur estimée",""
"FBS","Bilans Alimentaires (2010-)","CAF","République centrafricaine","664","Disponibilité alimentaire (Kcal/personne/jour)","S2901","Total General","2022","2022","kcal/personne/jour","2210","E","Valeur estimée",""
"FBS","Bilans Alimentaires (2010-)","CAF","République centrafricaine","664","Disponibilité alimentaire (Kcal/personne/jour)","S2734","Viande de Volailles","2022","2022","kcal/personne/jour","8.77","E","Valeur estimée",""
"FBS","Bilans Alimentaires (2010-)","KOR","République de Corée","664","Disponibilité alimentaire (Kcal/personne/jour)","S2901","Total General","2022","2022","kcal/personne/jour","3442","E","Valeur estimée",""
"FBS","Bilans Alimentaires (2010-)","KOR","République de Corée","664","Disponibilité alimentaire (Kcal/personne/jour)","S2734","Viande de Volailles","2022","2022","kcal/personne/jour","84.24","E","Valeur estimée",""
"FBS","Bilans Alimentaires (2010-)","MDA","République de Moldova","664","Disponibilité alimentaire (Kcal/personne/jour)","S2901","Total General","2022","2022","kcal/personne/jour","2889","E","Valeur estimée",""
"FBS","Bilans Alimentaires (2010-)","MDA","République de Moldova","664","Disponibilité alimentaire (Kcal/personne/jour)","S2734","Viande de Volailles","2022","2022","kcal/personne/jour","94.7","E","Valeur estimée",""
"FBS","Bilans Alimentaires (2010-)","COD","République démocratique du Congo","664","Disponibilité alimentaire (Kcal/personne/jour)","S2901","Total General","2022","2022","kcal/personne/jour","2150","E","Valeur estimée",""
"FBS","Bilans Alimentaires (2010-)","COD","République démocratique du Congo","664","Disponibilité alimentaire (Kcal/personne/jour)","S2734","Viande de Volailles","2022","2022","kcal/personne/jour","3.78","E","Valeur estimée",""
"FBS","Bilans Alimentaires (2010-)","LAO","République démocratique populaire lao","664","Disponibilité alimentaire (Kcal/personne/jour)","S2901","Total General","2022","2022","kcal/personne/jour","3169","E","Valeur estimée",""
"FBS","Bilans Alimentaires (2010-)","LAO","République démocratique populaire lao","664","Disponibilité alimentaire (Kcal/personne/jour)","S2734","Viande de Volailles","2022","2022","kcal/personne/jour","24.76","E","Valeur estimée",""
"FBS","Bilans Alimentaires (2010-)","DOM","République dominicaine","664","Disponibilité alimentaire (Kcal/personne/jour)","S2901","Total General","2022","2022","kcal/personne/jour","3228","E","Valeur estimée",""
"FBS","Bilans Alimentaires (2010-)","DOM","République dominicaine","664","Disponibilité alimentaire (Kcal/personne/jour)","S2734","Viande de Volailles","2022","2022","kcal/personne/jour","139.31","E","Valeur estimée",""
"FBS","Bilans Alimentaires (2010-)","PRK","République populaire démocratique de Corée","664","Disponibilité alimentaire (Kcal/personne/jour)","S2901","Total General","2022","2022","","","","",""
"FBS","Bilans Alimentaires (2010-)","PRK","République populaire démocratique de Corée","664","Disponibilité alimentaire (Kcal/personne/jour)","S2734","Viande de Volailles","2022","2022","","","","",""
"FBS","Bilans Alimentaires (2010-)","TZA","République-Unie de Tanzanie","664","Disponibilité alimentaire (Kcal/personne/jour)","S2901","Total General","2022","2022","kcal/personne/jour","2358","E","Valeur estimée",""
"FBS","Bilans Alimentaires (2010-)","TZA","République-Unie de Tanzanie","664","Disponibilité alimentaire (Kcal/personne/jour)","S2734","Viande de Volailles","2022","2022","kcal/personne/jour","5.91","E","Valeur estimée",""
"FBS","Bilans Alimentaires (2010-)","ROU","Roumanie","664","Disponibilité alimentaire (Kcal/personne/jour)","S2901","Total General","2022","2022","kcal/personne/jour","3623","E","Valeur estimée",""
"FBS","Bilans Alimentaires (2010-)","ROU","Roumanie","664","Disponibilité alimentaire (Kcal/personne/jour)","S2734","Viande de Volailles","2022","2022","kcal/personne/jour","85.01","E","Valeur estimée",""
"FBS","Bilans Alimentaires (2010-)","GBR","Royaume-Uni de Grande-Bretagne et d'Irlande du Nord","664","Disponibilité alimentaire (Kcal/personne/jour)","S2901","Total General","2022","2022","kcal/personne/jour","3355","E","Valeur estimée",""
"FBS","Bilans Alimentaires (2010-)","GBR","Royaume-Uni de Grande-Bretagne et d'Irlande du Nord","664","Disponibilité alimentaire (Kcal/personne/jour)","S2734","Viande de Volailles","2022","2022","kcal/personne/jour","138.22","E","Valeur estimée",""
"FBS","Bilans Alimentaires (2010-)","RWA","Rwanda","664","Disponibilité alimentaire (Kcal/personne/jour)","S2901","Total General","2022","2022","kcal/personne/jour","2315","E","Valeur estimée",""
"FBS","Bilans Alimentaires (2010-)","RWA","Rwanda","664","Disponibilité alimentaire (Kcal/personne/jour)","S2734","Viande de Volailles","2022","2022","kcal/personne/jour","2.82","E","Valeur estimée",""
"FBS","Bilans Alimentaires (2010-)","LCA","Sainte-Lucie","664","Disponibilité alimentaire (Kcal/personne/jour)","S2901","Total General","2022","2022","kcal/personne/jour","2721","E","Valeur estimée",""
"FBS","Bilans Alimentaires (2010-)","LCA","Sainte-Lucie","664","Disponibilité alimentaire (Kcal/personne/jour)","S2734","Viande de Volailles","2022","2022","kcal/personne/jour","244.78","E","Valeur estimée",""
"FBS","Bilans Alimentaires (2010-)","KNA","Saint-Kitts-et-Nevis","664","Disponibilité alimentaire (Kcal/personne/jour)","S2901","Total General","2022","2022","kcal/personne/jour","2867","E","Valeur estimée",""
"FBS","Bilans Alimentaires (2010-)","KNA","Saint-Kitts-et-Nevis","664","Disponibilité alimentaire (Kcal/personne/jour)","S2734","Viande de Volailles","2022","2022","kcal/personne/jour","231.09","E","Valeur estimée",""
"FBS","Bilans Alimentaires (2010-)","VCT","Saint-Vincent-et-les Grenadines","664","Disponibilité alimentaire (Kcal/personne/jour)","S2901","Total General","2022","2022","kcal/personne/jour","2963","E","Valeur estimée",""
"FBS","Bilans Alimentaires (2010-)","VCT","Saint-Vincent-et-les Grenadines","664","Disponibilité alimentaire (Kcal/personne/jour)","S2734","Viande de Volailles","2022","2022","kcal/personne/jour","351.71","E","Valeur estimée",""
"FBS","Bilans Alimentaires (2010-)","WSM","Samoa","664","Disponibilité alimentaire (Kcal/personne/jour)","S2901","Total General","2022","2022","kcal/personne/jour","3063","E","Valeur estimée",""
"FBS","Bilans Alimentaires (2010-)","WSM","Samoa","664","Disponibilité alimentaire (Kcal/personne/jour)","S2734","Viande de Volailles","2022","2022","kcal/personne/jour","279.07","E","Valeur estimée",""
"FBS","Bilans Alimentaires (2010-)","STP","Sao Tomé-et-Principe","664","Disponibilité alimentaire (Kcal/personne/jour)","S2901","Total General","2022","2022","kcal/personne/jour","2377","E","Valeur estimée",""
"FBS","Bilans Alimentaires (2010-)","STP","Sao Tomé-et-Principe","664","Disponibilité alimentaire (Kcal/personne/jour)","S2734","Viande de Volailles","2022","2022","kcal/personne/jour","55.59","E","Valeur estimée",""
"FBS","Bilans Alimentaires (2010-)","SEN","Sénégal","664","Disponibilité alimentaire (Kcal/personne/jour)","S2901","Total General","2022","2022","kcal/personne/jour","2826","E","Valeur estimée",""
"FBS","Bilans Alimentaires (2010-)","SEN","Sénégal","664","Disponibilité alimentaire (Kcal/personne/jour)","S2734","Viande de Volailles","2022","2022","kcal/personne/jour","31.38","E","Valeur estimée",""
"FBS","Bilans Alimentaires (2010-)","SRB","Serbie","664","Disponibilité alimentaire (Kcal/personne/jour)","S2901","Total General","2022","2022","kcal/personne/jour","3612","E","Valeur estimée",""
"FBS","Bilans Alimentaires (2010-)","SRB","Serbie","664","Disponibilité alimentaire (Kcal/personne/jour)","S2734","Viande de Volailles","2022","2022","kcal/personne/jour","45.5","E","Valeur estimée",""
"FBS","Bilans Alimentaires (2010-)","SYC","Seychelles","664","Disponibilité alimentaire (Kcal/personne/jour)","S2901","Total General","2022","2022","kcal/personne/jour","3222","E","Valeur estimée",""
"FBS","Bilans Alimentaires (2010-)","SYC","Seychelles","664","Disponibilité alimentaire (Kcal/personne/jour)","S2734","Viande de Volailles","2022","2022","kcal/personne/jour","158.79","E","Valeur estimée",""
"FBS","Bilans Alimentaires (2010-)","SLE","Sierra Leone","664","Disponibilité alimentaire (Kcal/personne/jour)","S2901","Total General","2022","2022","kcal/personne/jour","2317","E","Valeur estimée",""
"FBS","Bilans Alimentaires (2010-)","SLE","Sierra Leone","664","Disponibilité alimentaire (Kcal/personne/jour)","S2734","Viande de Volailles","2022","2022","kcal/personne/jour","21.25","E","Valeur estimée",""
"FBS","Bilans Alimentaires (2010-)","SVK","Slovaquie","664","Disponibilité alimentaire (Kcal/personne/jour)","S2901","Total General","2022","2022","kcal/personne/jour","2983","E","Valeur estimée",""
"FBS","Bilans Alimentaires (2010-)","SVK","Slovaquie","664","Disponibilité alimentaire (Kcal/personne/jour)","S2734","Viande de Volailles","2022","2022","kcal/personne/jour","46.52","E","Valeur estimée",""
"FBS","Bilans Alimentaires (2010-)","SVN","Slovénie","664","Disponibilité alimentaire (Kcal/personne/jour)","S2901","Total General","2022","2022","kcal/personne/jour","3094","E","Valeur estimée",""
"FBS","Bilans Alimentaires (2010-)","SVN","Slovénie","664","Disponibilité alimentaire (Kcal/personne/jour)","S2734","Viande de Volailles","2022","2022","kcal/personne/jour","96.12","E","Valeur estimée",""
"FBS","Bilans Alimentaires (2010-)","SOM","Somalie","664","Disponibilité alimentaire (Kcal/personne/jour)","S2901","Total General","2022","2022","kcal/personne/jour","1833","E","Valeur estimée",""
"FBS","Bilans Alimentaires (2010-)","SOM","Somalie","664","Disponibilité alimentaire (Kcal/personne/jour)","S2734","Viande de Volailles","2022","2022","kcal/personne/jour","3.08","E","Valeur estimée",""
"FBS","Bilans Alimentaires (2010-)","SDN","Soudan","664","Disponibilité alimentaire (Kcal/personne/jour)","S2901","Total General","2022","2022","kcal/personne/jour","2648","E","Valeur estimée",""
"FBS","Bilans Alimentaires (2010-)","SDN","Soudan","664","Disponibilité alimentaire (Kcal/personne/jour)","S2734","Viande de Volailles","2022","2022","kcal/personne/jour","6.38","E","Valeur estimée",""
"FBS","Bilans Alimentaires (2010-)","SSD","Soudan du Sud","664","Disponibilité alimentaire (Kcal/personne/jour)","S2901","Total General","2022","2022","kcal/personne/jour","2415","E","Valeur estimée",""
"FBS","Bilans Alimentaires (2010-)","SSD","Soudan du Sud","664","Disponibilité alimentaire (Kcal/personne/jour)","S2734","Viande de Volailles","2022","2022","kcal/personne/jour","18.01","E","Valeur estimée",""
"FBS","Bilans Alimentaires (2010-)","LKA","Sri Lanka","664","Disponibilité alimentaire (Kcal/personne/jour)","S2901","Total General","2022","2022","kcal/personne/jour","2802","E","Valeur estimée",""
"FBS","Bilans Alimentaires (2010-)","LKA","Sri Lanka","664","Disponibilité alimentaire (Kcal/personne/jour)","S2734","Viande de Volailles","2022","2022","kcal/personne/jour","39.39","E","Valeur estimée",""
"FBS","Bilans Alimentaires (2010-)","SWE","Suède","664","Disponibilité alimentaire (Kcal/personne/jour)","S2901","Total General","2022","2022","kcal/personne/jour","3328","E","Valeur estimée",""
"FBS","Bilans Alimentaires (2010-)","SWE","Suède","664","Disponibilité alimentaire (Kcal/personne/jour)","S2734","Viande de Volailles","2022","2022","kcal/personne/jour","63.8","E","Valeur estimée",""
"FBS","Bilans Alimentaires (2010-)","CHE","Suisse","664","Disponibilité alimentaire (Kcal/personne/jour)","S2901","Total General","2022","2022","kcal/personne/jour","3453","E","Valeur estimée",""
"FBS","Bilans Alimentaires (2010-)","CHE","Suisse","664","Disponibilité alimentaire (Kcal/personne/jour)","S2734","Viande de Volailles","2022","2022","kcal/personne/jour","68.06","E","Valeur estimée",""
"FBS","Bilans Alimentaires (2010-)","SUR","Suriname","664","Disponibilité alimentaire (Kcal/personne/jour)","S2901","Total General","2022","2022","kcal/personne/jour","2652","E","Valeur estimée",""
"FBS","Bilans Alimentaires (2010-)","SUR","Suriname","664","Disponibilité alimentaire (Kcal/personne/jour)","S2734","Viande de Volailles","2022","2022","kcal/personne/jour","173.37","E","Valeur estimée",""
"FBS","Bilans Alimentaires (2010-)","TJK","Tadjikistan","664","Disponibilité alimentaire (Kcal/personne/jour)","S2901","Total General","2022","2022","kcal/personne/jour","2768","E","Valeur estimée",""
"FBS","Bilans Alimentaires (2010-)","TJK","Tadjikistan","664","Disponibilité alimentaire (Kcal/personne/jour)","S2734","Viande de Volailles","2022","2022","kcal/personne/jour","10.55","E","Valeur estimée",""
"FBS","Bilans Alimentaires (2010-)","TCD","Tchad","664","Disponibilité alimentaire (Kcal/personne/jour)","S2901","Total General","2022","2022","kcal/personne/jour","2184","E","Valeur estimée",""
"FBS","Bilans Alimentaires (2010-)","TCD","Tchad","664","Disponibilité alimentaire (Kcal/personne/jour)","S2734","Viande de Volailles","2022","2022","kcal/personne/jour","1.8","E","Valeur estimée",""
"FBS","Bilans Alimentaires (2010-)","CZE","Tchéquie","664","Disponibilité alimentaire (Kcal/personne/jour)","S2901","Total General","2022","2022","kcal/personne/jour","3426","E","Valeur estimée",""
"FBS","Bilans Alimentaires (2010-)","CZE","Tchéquie","664","Disponibilité alimentaire (Kcal/personne/jour)","S2734","Viande de Volailles","2022","2022","kcal/personne/jour","91.77","E","Valeur estimée",""
"FBS","Bilans Alimentaires (2010-)","THA","Thaïlande","664","Disponibilité alimentaire (Kcal/personne/jour)","S2901","Total General","2022","2022","kcal/personne/jour","2878","E","Valeur estimée",""
"FBS","Bilans Alimentaires (2010-)","THA","Thaïlande","664","Disponibilité alimentaire (Kcal/personne/jour)","S2734","Viande de Volailles","2022","2022","kcal/personne/jour","43.44","E","Valeur estimée",""
"FBS","Bilans Alimentaires (2010-)","TLS","Timor-Leste","664","Disponibilité alimentaire (Kcal/personne/jour)","S2901","Total General","2022","2022","kcal/personne/jour","2269","E","Valeur estimée",""
"FBS","Bilans Alimentaires (2010-)","TLS","Timor-Leste","664","Disponibilité alimentaire (Kcal/personne/jour)","S2734","Viande de Volailles","2022","2022","kcal/personne/jour","20.63","E","Valeur estimée",""
"FBS","Bilans Alimentaires (2010-)","TGO","Togo","664","Disponibilité alimentaire (Kcal/personne/jour)","S2901","Total General","2022","2022","kcal/personne/jour","2596","E","Valeur estimée",""
"FBS","Bilans Alimentaires (2010-)","TGO","Togo","664","Disponibilité alimentaire (Kcal/personne/jour)","S2734","Viande de Volailles","2022","2022","kcal/personne/jour","20.63","E","Valeur estimée",""
"FBS","Bilans Alimentaires (2010-)","TON","Tonga","664","Disponibilité alimentaire (Kcal/personne/jour)","S2901","Total General","2022","2022","kcal/personne/jour","2966","E","Valeur estimée",""
"FBS","Bilans Alimentaires (2010-)","TON","Tonga","664","Disponibilité alimentaire (Kcal/personne/jour)","S2734","Viande de Volailles","2022","2022","kcal/personne/jour","342.25","E","Valeur estimée",""
"FBS","Bilans Alimentaires (2010-)","TTO","Trinité-et-Tobago","664","Disponibilité alimentaire (Kcal/personne/jour)","S2901","Total General","2022","2022","kcal/personne/jour","2916","E","Valeur estimée",""
"FBS","Bilans Alimentaires (2010-)","TTO","Trinité-et-Tobago","664","Disponibilité alimentaire (Kcal/personne/jour)","S2734","Viande de Volailles","2022","2022","kcal/personne/jour","178.69","E","Valeur estimée",""
"FBS","Bilans Alimentaires (2010-)","TUN","Tunisie","664","Disponibilité alimentaire (Kcal/personne/jour)","S2901","Total General","2022","2022","kcal/personne/jour","3472","E","Valeur estimée",""
"FBS","Bilans Alimentaires (2010-)","TUN","Tunisie","664","Disponibilité alimentaire (Kcal/personne/jour)","S2734","Viande de Volailles","2022","2022","kcal/personne/jour","69.18","E","Valeur estimée",""
"FBS","Bilans Alimentaires (2010-)","TKM","Turkménistan","664","Disponibilité alimentaire (Kcal/personne/jour)","S2901","Total General","2022","2022","kcal/personne/jour","2835","E","Valeur estimée",""
"FBS","Bilans Alimentaires (2010-)","TKM","Turkménistan","664","Disponibilité alimentaire (Kcal/personne/jour)","S2734","Viande de Volailles","2022","2022","kcal/personne/jour","42.24","E","Valeur estimée",""
"FBS","Bilans Alimentaires (2010-)","TUR","Türkiye","664","Disponibilité alimentaire (Kcal/personne/jour)","S2901","Total General","2022","2022","kcal/personne/jour","3861","E","Valeur estimée",""
"FBS","Bilans Alimentaires (2010-)","TUR","Türkiye","664","Disponibilité alimentaire (Kcal/personne/jour)","S2734","Viande de Volailles","2022","2022","kcal/personne/jour","80.86","E","Valeur estimée",""
"FBS","Bilans Alimentaires (2010-)","TUV","Tuvalu","664","Disponibilité alimentaire (Kcal/personne/jour)","S2901","Total General","2022","2022","kcal/personne/jour","2972","E","Valeur estimée",""
"FBS","Bilans Alimentaires (2010-)","TUV","Tuvalu","664","Disponibilité alimentaire (Kcal/personne/jour)","S2734","Viande de Volailles","2022","2022","kcal/personne/jour","160.48","E","Valeur estimée",""
"FBS","Bilans Alimentaires (2010-)","UKR","Ukraine","664","Disponibilité alimentaire (Kcal/personne/jour)","S2901","Total General","2022","2022","kcal/personne/jour","2851","E","Valeur estimée",""
"FBS","Bilans Alimentaires (2010-)","UKR","Ukraine","664","Disponibilité alimentaire (Kcal/personne/jour)","S2734","Viande de Volailles","2022","2022","kcal/personne/jour","87.03","E","Valeur estimée",""
"FBS","Bilans Alimentaires (2010-)","URY","Uruguay","664","Disponibilité alimentaire (Kcal/personne/jour)","S2901","Total General","2022","2022","kcal/personne/jour","3307","E","Valeur estimée",""
"FBS","Bilans Alimentaires (2010-)","URY","Uruguay","664","Disponibilité alimentaire (Kcal/personne/jour)","S2734","Viande de Volailles","2022","2022","kcal/personne/jour","90.58","E","Valeur estimée",""
"FBS","Bilans Alimentaires (2010-)","VUT","Vanuatu","664","Disponibilité alimentaire (Kcal/personne/jour)","S2901","Total General","2022","2022","kcal/personne/jour","2786","E","Valeur estimée",""
"FBS","Bilans Alimentaires (2010-)","VUT","Vanuatu","664","Disponibilité alimentaire (Kcal/personne/jour)","S2734","Viande de Volailles","2022","2022","kcal/personne/jour","61.51","E","Valeur estimée",""
"FBS","Bilans Alimentaires (2010-)","VEN","Venezuela (République bolivarienne du)","664","Disponibilité alimentaire (Kcal/personne/jour)","S2901","Total General","2022","2022","kcal/personne/jour","2318","E","Valeur estimée",""
"FBS","Bilans Alimentaires (2010-)","VEN","Venezuela (République bolivarienne du)","664","Disponibilité alimentaire (Kcal/personne/jour)","S2734","Viande de Volailles","2022","2022","kcal/personne/jour","60.51","E","Valeur estimée",""
"FBS","Bilans Alimentaires (2010-)","VNM","Viet Nam","664","Disponibilité alimentaire (Kcal/personne/jour)","S2901","Total General","2022","2022","kcal/personne/jour","3072","E","Valeur estimée",""
"FBS","Bilans Alimentaires (2010-)","VNM","Viet Nam","664","Disponibilité alimentaire (Kcal/personne/jour)","S2734","Viande de Volailles","2022","2022","kcal/personne/jour","58.54","E","Valeur estimée",""
"FBS","Bilans Alimentaires (2010-)","YEM","Yémen","664","Disponibilité alimentaire (Kcal/personne/jour)","S2901","Total General","2022","2022","kcal/personne/jour","2083","E","Valeur estimée",""
"FBS","Bilans Alimentaires (2010-)","YEM","Yémen","664","Disponibilité alimentaire (Kcal/personne/jour)","S2734","Viande de Volailles","2022","2022","kcal/personne/jour","34.21","E","Valeur estimée",""
"FBS","Bilans Alimentaires (2010-)","ZMB","Zambie","664","Disponibilité alimentaire (Kcal/personne/jour)","S2901","Total General","2022","2022","kcal/personne/jour","2158","E","Valeur estimée",""
"FBS","Bilans Alimentaires (2010-)","ZMB","Zambie","664","Disponibilité alimentaire (Kcal/personne/jour)","S2734","Viande de Volailles","2022","2022","kcal/personne/jour","18.58","E","Valeur estimée",""
"FBS","Bilans Alimentaires (2010-)","ZWE","Zimbabwe","664","Disponibilité alimentaire (Kcal/personne/jour)","S2901","Total General","2022","2022","kcal/personne/jour","2041","E","Valeur estimée",""
"FBS","Bilans Alimentaires (2010-)","ZWE","Zimbabwe","664","Disponibilité alimentaire (Kcal/personne/jour)","S2734","Viande de Volailles","2022","2022","kcal/personne/jour","27.11","E","Valeur estimée",""
