"","","","","2022 [2022]","2022 [2022]","2022 [2022]"
"","","","","Unité","Valeur","Description du Symbole"
"Afghanistan [AFG]","Valeur [6132]","Number of people unable to afford a healthy diet (NUA), million [7006]","Décembre 2024 (Mise à jour)","millions de No","","Valeur manquante"
"Afghanistan [AFG]","Valeur [6132]","Prevalence of unaffordability (PUA), percent [7005]","Décembre 2024 (Mise à jour)","%","","Valeur manquante"
"Afrique du Sud [ZAF]","Valeur [6132]","Number of people unable to afford a healthy diet (NUA), million [7006]","Décembre 2024 (Mise à jour)","millions de No","38.2","Valeur estimée"
"Afrique du Sud [ZAF]","Valeur [6132]","Prevalence of unaffordability (PUA), percent [7005]","Décembre 2024 (Mise à jour)","%","61.2","Valeur estimée"
"Albanie [ALB]","Valeur [6132]","Number of people unable to afford a healthy diet (NUA), million [7006]","Décembre 2024 (Mise à jour)","millions de No","0.3","Valeur estimée"
"Albanie [ALB]","Valeur [6132]","Prevalence of unaffordability (PUA), percent [7005]","Décembre 2024 (Mise à jour)","%","12.2","Valeur estimée"
"Algérie [DZA]","Valeur [6132]","Number of people unable to afford a healthy diet (NUA), million [7006]","Décembre 2024 (Mise à jour)","millions de No","9.2","Valeur estimée"
"Algérie [DZA]","Valeur [6132]","Prevalence of unaffordability (PUA), percent [7005]","Décembre 2024 (Mise à jour)","%","20.2","Valeur estimée"
"Allemagne [DEU]","Valeur [6132]","Number of people unable to afford a healthy diet (NUA), million [7006]","Décembre 2024 (Mise à jour)","millions de No","1.7","Valeur estimée"
"Allemagne [DEU]","Valeur [6132]","Prevalence of unaffordability (PUA), percent [7005]","Décembre 2024 (Mise à jour)","%","2","Valeur estimée"
"Andorre [AND]","Valeur [6132]","Number of people unable to afford a healthy diet (NUA), million [7006]","Décembre 2024 (Mise à jour)","millions de No","","Valeur manquante"
"Andorre [AND]","Valeur [6132]","Prevalence of unaffordability (PUA), percent [7005]","Décembre 2024 (Mise à jour)","%","","Valeur manquante"
"Angola [AGO]","Valeur [6132]","Number of people unable to afford a healthy diet (NUA), million [7006]","Décembre 2024 (Mise à jour)","millions de No","25.7","Valeur estimée"
"Angola [AGO]","Valeur [6132]","Prevalence of unaffordability (PUA), percent [7005]","Décembre 2024 (Mise à jour)","%","72.2","Valeur estimée"
"Anguilla [AIA]","Valeur [6132]","Number of people unable to afford a healthy diet (NUA), million [7006]","Décembre 2024 (Mise à jour)","","",""
"Anguilla [AIA]","Valeur [6132]","Prevalence of unaffordability (PUA), percent [7005]","Décembre 2024 (Mise à jour)","","",""
"Antigua-et-Barbuda [ATG]","Valeur [6132]","Number of people unable to afford a healthy diet (NUA), million [7006]","Décembre 2024 (Mise à jour)","millions de No","","Valeur manquante"
"Antigua-et-Barbuda [ATG]","Valeur [6132]","Prevalence of unaffordability (PUA), percent [7005]","Décembre 2024 (Mise à jour)","%","","Valeur manquante"
"Arabie saoudite [SAU]","Valeur [6132]","Number of people unable to afford a healthy diet (NUA), million [7006]","Décembre 2024 (Mise à jour)","millions de No","","Valeur manquante"
"Arabie saoudite [SAU]","Valeur [6132]","Prevalence of unaffordability (PUA), percent [7005]","Décembre 2024 (Mise à jour)","%","","Valeur manquante"
"Argentine [ARG]","Valeur [6132]","Number of people unable to afford a healthy diet (NUA), million [7006]","Décembre 2024 (Mise à jour)","millions de No","","Valeur manquante; supprimée"
"Argentine [ARG]","Valeur [6132]","Prevalence of unaffordability (PUA), percent [7005]","Décembre 2024 (Mise à jour)","%","","Valeur manquante; supprimée"
"Arménie [ARM]","Valeur [6132]","Number of people unable to afford a healthy diet (NUA), million [7006]","Décembre 2024 (Mise à jour)","millions de No","1.6","Valeur estimée"
"Arménie [ARM]","Valeur [6132]","Prevalence of unaffordability (PUA), percent [7005]","Décembre 2024 (Mise à jour)","%","54.9","Valeur estimée"
"Aruba [ABW]","Valeur [6132]","Number of people unable to afford a healthy diet (NUA), million [7006]","Décembre 2024 (Mise à jour)","","",""
"Aruba [ABW]","Valeur [6132]","Prevalence of unaffordability (PUA), percent [7005]","Décembre 2024 (Mise à jour)","","",""
"Australie [AUS]","Valeur [6132]","Number of people unable to afford a healthy diet (NUA), million [7006]","Décembre 2024 (Mise à jour)","millions de No","0.8","Valeur estimée"
"Australie [AUS]","Valeur [6132]","Prevalence of unaffordability (PUA), percent [7005]","Décembre 2024 (Mise à jour)","%","3.2","Valeur estimée"
"Autriche [AUT]","Valeur [6132]","Number of people unable to afford a healthy diet (NUA), million [7006]","Décembre 2024 (Mise à jour)","millions de No","0.3","Valeur estimée"
"Autriche [AUT]","Valeur [6132]","Prevalence of unaffordability (PUA), percent [7005]","Décembre 2024 (Mise à jour)","%","2.9","Valeur estimée"
"Azerbaïdjan [AZE]","Valeur [6132]","Number of people unable to afford a healthy diet (NUA), million [7006]","Décembre 2024 (Mise à jour)","millions de No","0.1","Valeur estimée"
"Azerbaïdjan [AZE]","Valeur [6132]","Prevalence of unaffordability (PUA), percent [7005]","Décembre 2024 (Mise à jour)","%","0.7","Valeur estimée"
"Bahamas [BHS]","Valeur [6132]","Number of people unable to afford a healthy diet (NUA), million [7006]","Décembre 2024 (Mise à jour)","millions de No","","Valeur manquante"
"Bahamas [BHS]","Valeur [6132]","Prevalence of unaffordability (PUA), percent [7005]","Décembre 2024 (Mise à jour)","%","","Valeur manquante"
"Bahreïn [BHR]","Valeur [6132]","Number of people unable to afford a healthy diet (NUA), million [7006]","Décembre 2024 (Mise à jour)","millions de No","","Valeur manquante"
"Bahreïn [BHR]","Valeur [6132]","Prevalence of unaffordability (PUA), percent [7005]","Décembre 2024 (Mise à jour)","%","","Valeur manquante"
"Bangladesh [BGD]","Valeur [6132]","Number of people unable to afford a healthy diet (NUA), million [7006]","Décembre 2024 (Mise à jour)","millions de No","81.6","Valeur estimée"
"Bangladesh [BGD]","Valeur [6132]","Prevalence of unaffordability (PUA), percent [7005]","Décembre 2024 (Mise à jour)","%","48.2","Valeur estimée"
"Barbade [BRB]","Valeur [6132]","Number of people unable to afford a healthy diet (NUA), million [7006]","Décembre 2024 (Mise à jour)","millions de No","","Valeur manquante"
"Barbade [BRB]","Valeur [6132]","Prevalence of unaffordability (PUA), percent [7005]","Décembre 2024 (Mise à jour)","%","","Valeur manquante"
"Belgique [BEL]","Valeur [6132]","Number of people unable to afford a healthy diet (NUA), million [7006]","Décembre 2024 (Mise à jour)","millions de No","0.1","Valeur estimée"
"Belgique [BEL]","Valeur [6132]","Prevalence of unaffordability (PUA), percent [7005]","Décembre 2024 (Mise à jour)","%","0.7","Valeur estimée"
"Belize [BLZ]","Valeur [6132]","Number of people unable to afford a healthy diet (NUA), million [7006]","Décembre 2024 (Mise à jour)","millions de No","0.2","Valeur estimée"
"Belize [BLZ]","Valeur [6132]","Prevalence of unaffordability (PUA), percent [7005]","Décembre 2024 (Mise à jour)","%","61.8","Valeur estimée"
"Bermudes [BMU]","Valeur [6132]","Number of people unable to afford a healthy diet (NUA), million [7006]","Décembre 2024 (Mise à jour)","millions de No","","Valeur manquante"
"Bermudes [BMU]","Valeur [6132]","Prevalence of unaffordability (PUA), percent [7005]","Décembre 2024 (Mise à jour)","%","","Valeur manquante"
"Bhoutan [BTN]","Valeur [6132]","Number of people unable to afford a healthy diet (NUA), million [7006]","Décembre 2024 (Mise à jour)","millions de No","<0.1","Valeur estimée"
"Bhoutan [BTN]","Valeur [6132]","Prevalence of unaffordability (PUA), percent [7005]","Décembre 2024 (Mise à jour)","%","5.3","Valeur estimée"
"Bolivie (État plurinational de) [BOL]","Valeur [6132]","Number of people unable to afford a healthy diet (NUA), million [7006]","Décembre 2024 (Mise à jour)","millions de No","1","Valeur estimée"
"Bolivie (État plurinational de) [BOL]","Valeur [6132]","Prevalence of unaffordability (PUA), percent [7005]","Décembre 2024 (Mise à jour)","%","8.5","Valeur estimée"
"Bosnie-Herzégovine [BIH]","Valeur [6132]","Number of people unable to afford a healthy diet (NUA), million [7006]","Décembre 2024 (Mise à jour)","millions de No","0.2","Valeur estimée"
"Bosnie-Herzégovine [BIH]","Valeur [6132]","Prevalence of unaffordability (PUA), percent [7005]","Décembre 2024 (Mise à jour)","%","5.8","Valeur estimée"
"Botswana [BWA]","Valeur [6132]","Number of people unable to afford a healthy diet (NUA), million [7006]","Décembre 2024 (Mise à jour)","millions de No","1.5","Valeur estimée"
"Botswana [BWA]","Valeur [6132]","Prevalence of unaffordability (PUA), percent [7005]","Décembre 2024 (Mise à jour)","%","60.3","Valeur estimée"
"Brunéi Darussalam [BRN]","Valeur [6132]","Number of people unable to afford a healthy diet (NUA), million [7006]","Décembre 2024 (Mise à jour)","millions de No","","Valeur manquante"
"Brunéi Darussalam [BRN]","Valeur [6132]","Prevalence of unaffordability (PUA), percent [7005]","Décembre 2024 (Mise à jour)","%","","Valeur manquante"
"Brésil [BRA]","Valeur [6132]","Number of people unable to afford a healthy diet (NUA), million [7006]","Décembre 2024 (Mise à jour)","millions de No","53.1","Valeur estimée"
"Brésil [BRA]","Valeur [6132]","Prevalence of unaffordability (PUA), percent [7005]","Décembre 2024 (Mise à jour)","%","25.3","Valeur estimée"
"Bulgarie [BGR]","Valeur [6132]","Number of people unable to afford a healthy diet (NUA), million [7006]","Décembre 2024 (Mise à jour)","millions de No","0.4","Valeur estimée"
"Bulgarie [BGR]","Valeur [6132]","Prevalence of unaffordability (PUA), percent [7005]","Décembre 2024 (Mise à jour)","%","5.8","Valeur estimée"
"Burkina Faso [BFA]","Valeur [6132]","Number of people unable to afford a healthy diet (NUA), million [7006]","Décembre 2024 (Mise à jour)","millions de No","14.2","Valeur estimée"
"Burkina Faso [BFA]","Valeur [6132]","Prevalence of unaffordability (PUA), percent [7005]","Décembre 2024 (Mise à jour)","%","63.1","Valeur estimée"
"Burundi [BDI]","Valeur [6132]","Number of people unable to afford a healthy diet (NUA), million [7006]","Décembre 2024 (Mise à jour)","millions de No","11.9","Valeur estimée"
"Burundi [BDI]","Valeur [6132]","Prevalence of unaffordability (PUA), percent [7005]","Décembre 2024 (Mise à jour)","%","89.6","Valeur estimée"
"Bélarus [BLR]","Valeur [6132]","Number of people unable to afford a healthy diet (NUA), million [7006]","Décembre 2024 (Mise à jour)","millions de No","0.1","Valeur estimée"
"Bélarus [BLR]","Valeur [6132]","Prevalence of unaffordability (PUA), percent [7005]","Décembre 2024 (Mise à jour)","%","1","Valeur estimée"
"Bénin [BEN]","Valeur [6132]","Number of people unable to afford a healthy diet (NUA), million [7006]","Décembre 2024 (Mise à jour)","millions de No","7.8","Valeur estimée"
"Bénin [BEN]","Valeur [6132]","Prevalence of unaffordability (PUA), percent [7005]","Décembre 2024 (Mise à jour)","%","56.8","Valeur estimée"
"Cabo Verde [CPV]","Valeur [6132]","Number of people unable to afford a healthy diet (NUA), million [7006]","Décembre 2024 (Mise à jour)","millions de No","0.2","Valeur estimée"
"Cabo Verde [CPV]","Valeur [6132]","Prevalence of unaffordability (PUA), percent [7005]","Décembre 2024 (Mise à jour)","%","30.5","Valeur estimée"
"Cambodge [KHM]","Valeur [6132]","Number of people unable to afford a healthy diet (NUA), million [7006]","Décembre 2024 (Mise à jour)","millions de No","","Valeur manquante"
"Cambodge [KHM]","Valeur [6132]","Prevalence of unaffordability (PUA), percent [7005]","Décembre 2024 (Mise à jour)","%","","Valeur manquante"
"Cameroun [CMR]","Valeur [6132]","Number of people unable to afford a healthy diet (NUA), million [7006]","Décembre 2024 (Mise à jour)","millions de No","15.4","Valeur estimée"
"Cameroun [CMR]","Valeur [6132]","Prevalence of unaffordability (PUA), percent [7005]","Décembre 2024 (Mise à jour)","%","55.9","Valeur estimée"
"Canada [CAN]","Valeur [6132]","Number of people unable to afford a healthy diet (NUA), million [7006]","Décembre 2024 (Mise à jour)","millions de No","1.1","Valeur estimée"
"Canada [CAN]","Valeur [6132]","Prevalence of unaffordability (PUA), percent [7005]","Décembre 2024 (Mise à jour)","%","2.7","Valeur estimée"
"Chili [CHL]","Valeur [6132]","Number of people unable to afford a healthy diet (NUA), million [7006]","Décembre 2024 (Mise à jour)","millions de No","7.9","Valeur estimée"
"Chili [CHL]","Valeur [6132]","Prevalence of unaffordability (PUA), percent [7005]","Décembre 2024 (Mise à jour)","%","40.4","Valeur estimée"
"Chine - RAS de Hong-Kong [HKG]","Valeur [6132]","Number of people unable to afford a healthy diet (NUA), million [7006]","Décembre 2024 (Mise à jour)","millions de No","","Valeur manquante"
"Chine - RAS de Hong-Kong [HKG]","Valeur [6132]","Prevalence of unaffordability (PUA), percent [7005]","Décembre 2024 (Mise à jour)","%","","Valeur manquante"
"Chine - RAS de Macao [MAC]","Valeur [6132]","Number of people unable to afford a healthy diet (NUA), million [7006]","Décembre 2024 (Mise à jour)","millions de No","","Valeur manquante"
"Chine - RAS de Macao [MAC]","Valeur [6132]","Prevalence of unaffordability (PUA), percent [7005]","Décembre 2024 (Mise à jour)","%","","Valeur manquante"
"Chine, Taiwan Province de [TWN]","Valeur [6132]","Number of people unable to afford a healthy diet (NUA), million [7006]","Décembre 2024 (Mise à jour)","millions de No","","Valeur manquante"
"Chine, Taiwan Province de [TWN]","Valeur [6132]","Prevalence of unaffordability (PUA), percent [7005]","Décembre 2024 (Mise à jour)","%","","Valeur manquante"
"Chine, continentale [CHN]","Valeur [6132]","Number of people unable to afford a healthy diet (NUA), million [7006]","Décembre 2024 (Mise à jour)","millions de No","208.1","Valeur estimée"
"Chine, continentale [CHN]","Valeur [6132]","Prevalence of unaffordability (PUA), percent [7005]","Décembre 2024 (Mise à jour)","%","14.6","Valeur estimée"
"Chypre [CYP]","Valeur [6132]","Number of people unable to afford a healthy diet (NUA), million [7006]","Décembre 2024 (Mise à jour)","millions de No","<0.1","Valeur estimée"
"Chypre [CYP]","Valeur [6132]","Prevalence of unaffordability (PUA), percent [7005]","Décembre 2024 (Mise à jour)","%","1.8","Valeur estimée"
"Colombie [COL]","Valeur [6132]","Number of people unable to afford a healthy diet (NUA), million [7006]","Décembre 2024 (Mise à jour)","millions de No","18.9","Valeur estimée"
"Colombie [COL]","Valeur [6132]","Prevalence of unaffordability (PUA), percent [7005]","Décembre 2024 (Mise à jour)","%","36.6","Valeur estimée"
"Comores [COM]","Valeur [6132]","Number of people unable to afford a healthy diet (NUA), million [7006]","Décembre 2024 (Mise à jour)","millions de No","","Valeur manquante"
"Comores [COM]","Valeur [6132]","Prevalence of unaffordability (PUA), percent [7005]","Décembre 2024 (Mise à jour)","%","","Valeur manquante"
"Congo [COG]","Valeur [6132]","Number of people unable to afford a healthy diet (NUA), million [7006]","Décembre 2024 (Mise à jour)","millions de No","4.8","Valeur estimée"
"Congo [COG]","Valeur [6132]","Prevalence of unaffordability (PUA), percent [7005]","Décembre 2024 (Mise à jour)","%","79.1","Valeur estimée"
"Costa Rica [CRI]","Valeur [6132]","Number of people unable to afford a healthy diet (NUA), million [7006]","Décembre 2024 (Mise à jour)","millions de No","0.8","Valeur estimée"
"Costa Rica [CRI]","Valeur [6132]","Prevalence of unaffordability (PUA), percent [7005]","Décembre 2024 (Mise à jour)","%","15.9","Valeur estimée"
"Croatie [HRV]","Valeur [6132]","Number of people unable to afford a healthy diet (NUA), million [7006]","Décembre 2024 (Mise à jour)","millions de No","0.5","Valeur estimée"
"Croatie [HRV]","Valeur [6132]","Prevalence of unaffordability (PUA), percent [7005]","Décembre 2024 (Mise à jour)","%","13.5","Valeur estimée"
"Cuba [CUB]","Valeur [6132]","Number of people unable to afford a healthy diet (NUA), million [7006]","Décembre 2024 (Mise à jour)","millions de No","","Valeur manquante"
"Cuba [CUB]","Valeur [6132]","Prevalence of unaffordability (PUA), percent [7005]","Décembre 2024 (Mise à jour)","%","","Valeur manquante"
"Curaçao [CUW]","Valeur [6132]","Number of people unable to afford a healthy diet (NUA), million [7006]","Décembre 2024 (Mise à jour)","","",""
"Curaçao [CUW]","Valeur [6132]","Prevalence of unaffordability (PUA), percent [7005]","Décembre 2024 (Mise à jour)","","",""
"Côte d'Ivoire [CIV]","Valeur [6132]","Number of people unable to afford a healthy diet (NUA), million [7006]","Décembre 2024 (Mise à jour)","millions de No","15.1","Valeur estimée"
"Côte d'Ivoire [CIV]","Valeur [6132]","Prevalence of unaffordability (PUA), percent [7005]","Décembre 2024 (Mise à jour)","%","49.7","Valeur estimée"
"Danemark [DNK]","Valeur [6132]","Number of people unable to afford a healthy diet (NUA), million [7006]","Décembre 2024 (Mise à jour)","millions de No","0.1","Valeur estimée"
"Danemark [DNK]","Valeur [6132]","Prevalence of unaffordability (PUA), percent [7005]","Décembre 2024 (Mise à jour)","%","0.9","Valeur estimée"
"Djibouti [DJI]","Valeur [6132]","Number of people unable to afford a healthy diet (NUA), million [7006]","Décembre 2024 (Mise à jour)","millions de No","0.6","Valeur estimée"
"Djibouti [DJI]","Valeur [6132]","Prevalence of unaffordability (PUA), percent [7005]","Décembre 2024 (Mise à jour)","%","53.6","Valeur estimée"
"Dominique [DMA]","Valeur [6132]","Number of people unable to afford a healthy diet (NUA), million [7006]","Décembre 2024 (Mise à jour)","millions de No","","Valeur manquante"
"Dominique [DMA]","Valeur [6132]","Prevalence of unaffordability (PUA), percent [7005]","Décembre 2024 (Mise à jour)","%","","Valeur manquante"
"El Salvador [SLV]","Valeur [6132]","Number of people unable to afford a healthy diet (NUA), million [7006]","Décembre 2024 (Mise à jour)","millions de No","","Valeur manquante"
"El Salvador [SLV]","Valeur [6132]","Prevalence of unaffordability (PUA), percent [7005]","Décembre 2024 (Mise à jour)","%","","Valeur manquante"
"Espagne [ESP]","Valeur [6132]","Number of people unable to afford a healthy diet (NUA), million [7006]","Décembre 2024 (Mise à jour)","millions de No","4.2","Valeur estimée"
"Espagne [ESP]","Valeur [6132]","Prevalence of unaffordability (PUA), percent [7005]","Décembre 2024 (Mise à jour)","%","8.9","Valeur estimée"
"Estonie [EST]","Valeur [6132]","Number of people unable to afford a healthy diet (NUA), million [7006]","Décembre 2024 (Mise à jour)","millions de No","0.1","Valeur estimée"
"Estonie [EST]","Valeur [6132]","Prevalence of unaffordability (PUA), percent [7005]","Décembre 2024 (Mise à jour)","%","5.1","Valeur estimée"
"Eswatini [SWZ]","Valeur [6132]","Number of people unable to afford a healthy diet (NUA), million [7006]","Décembre 2024 (Mise à jour)","millions de No","0.8","Valeur estimée"
"Eswatini [SWZ]","Valeur [6132]","Prevalence of unaffordability (PUA), percent [7005]","Décembre 2024 (Mise à jour)","%","65","Valeur estimée"
"Fidji [FJI]","Valeur [6132]","Number of people unable to afford a healthy diet (NUA), million [7006]","Décembre 2024 (Mise à jour)","millions de No","0.5","Valeur estimée"
"Fidji [FJI]","Valeur [6132]","Prevalence of unaffordability (PUA), percent [7005]","Décembre 2024 (Mise à jour)","%","59","Valeur estimée"
"Finlande [FIN]","Valeur [6132]","Number of people unable to afford a healthy diet (NUA), million [7006]","Décembre 2024 (Mise à jour)","millions de No","<0.1","Valeur estimée"
"Finlande [FIN]","Valeur [6132]","Prevalence of unaffordability (PUA), percent [7005]","Décembre 2024 (Mise à jour)","%","0.8","Valeur estimée"
"France [FRA]","Valeur [6132]","Number of people unable to afford a healthy diet (NUA), million [7006]","Décembre 2024 (Mise à jour)","millions de No","2","Valeur estimée"
"France [FRA]","Valeur [6132]","Prevalence of unaffordability (PUA), percent [7005]","Décembre 2024 (Mise à jour)","%","3.1","Valeur estimée"
"Fédération de Russie [RUS]","Valeur [6132]","Number of people unable to afford a healthy diet (NUA), million [7006]","Décembre 2024 (Mise à jour)","millions de No","2.2","Valeur estimée"
"Fédération de Russie [RUS]","Valeur [6132]","Prevalence of unaffordability (PUA), percent [7005]","Décembre 2024 (Mise à jour)","%","1.5","Valeur estimée"
"Gabon [GAB]","Valeur [6132]","Number of people unable to afford a healthy diet (NUA), million [7006]","Décembre 2024 (Mise à jour)","millions de No","0.9","Valeur estimée"
"Gabon [GAB]","Valeur [6132]","Prevalence of unaffordability (PUA), percent [7005]","Décembre 2024 (Mise à jour)","%","37.3","Valeur estimée"
"Gambie [GMB]","Valeur [6132]","Number of people unable to afford a healthy diet (NUA), million [7006]","Décembre 2024 (Mise à jour)","millions de No","1.2","Valeur estimée"
"Gambie [GMB]","Valeur [6132]","Prevalence of unaffordability (PUA), percent [7005]","Décembre 2024 (Mise à jour)","%","44","Valeur estimée"
"Ghana [GHA]","Valeur [6132]","Number of people unable to afford a healthy diet (NUA), million [7006]","Décembre 2024 (Mise à jour)","millions de No","20.9","Valeur estimée"
"Ghana [GHA]","Valeur [6132]","Prevalence of unaffordability (PUA), percent [7005]","Décembre 2024 (Mise à jour)","%","63","Valeur estimée"
"Grenade [GRD]","Valeur [6132]","Number of people unable to afford a healthy diet (NUA), million [7006]","Décembre 2024 (Mise à jour)","millions de No","<0.1","Valeur estimée"
"Grenade [GRD]","Valeur [6132]","Prevalence of unaffordability (PUA), percent [7005]","Décembre 2024 (Mise à jour)","%","21.1","Valeur estimée"
"Groenland [GRL]","Valeur [6132]","Number of people unable to afford a healthy diet (NUA), million [7006]","Décembre 2024 (Mise à jour)","millions de No","","Valeur manquante"
"Groenland [GRL]","Valeur [6132]","Prevalence of unaffordability (PUA), percent [7005]","Décembre 2024 (Mise à jour)","%","","Valeur manquante"
"Grèce [GRC]","Valeur [6132]","Number of people unable to afford a healthy diet (NUA), million [7006]","Décembre 2024 (Mise à jour)","millions de No","1.9","Valeur estimée"
"Grèce [GRC]","Valeur [6132]","Prevalence of unaffordability (PUA), percent [7005]","Décembre 2024 (Mise à jour)","%","18.3","Valeur estimée"
"Guatemala [GTM]","Valeur [6132]","Number of people unable to afford a healthy diet (NUA), million [7006]","Décembre 2024 (Mise à jour)","millions de No","7.8","Valeur estimée"
"Guatemala [GTM]","Valeur [6132]","Prevalence of unaffordability (PUA), percent [7005]","Décembre 2024 (Mise à jour)","%","43.9","Valeur estimée"
"Guinée [GIN]","Valeur [6132]","Number of people unable to afford a healthy diet (NUA), million [7006]","Décembre 2024 (Mise à jour)","millions de No","5.3","Valeur estimée"
"Guinée [GIN]","Valeur [6132]","Prevalence of unaffordability (PUA), percent [7005]","Décembre 2024 (Mise à jour)","%","37.4","Valeur estimée"
"Guinée équatoriale [GNQ]","Valeur [6132]","Number of people unable to afford a healthy diet (NUA), million [7006]","Décembre 2024 (Mise à jour)","millions de No","","Valeur manquante"
"Guinée équatoriale [GNQ]","Valeur [6132]","Prevalence of unaffordability (PUA), percent [7005]","Décembre 2024 (Mise à jour)","%","","Valeur manquante"
"Guinée-Bissau [GNB]","Valeur [6132]","Number of people unable to afford a healthy diet (NUA), million [7006]","Décembre 2024 (Mise à jour)","millions de No","1.3","Valeur estimée"
"Guinée-Bissau [GNB]","Valeur [6132]","Prevalence of unaffordability (PUA), percent [7005]","Décembre 2024 (Mise à jour)","%","64","Valeur estimée"
"Guyana [GUY]","Valeur [6132]","Number of people unable to afford a healthy diet (NUA), million [7006]","Décembre 2024 (Mise à jour)","millions de No","0.1","Valeur estimée"
"Guyana [GUY]","Valeur [6132]","Prevalence of unaffordability (PUA), percent [7005]","Décembre 2024 (Mise à jour)","%","9.4","Valeur estimée"
"Géorgie [GEO]","Valeur [6132]","Number of people unable to afford a healthy diet (NUA), million [7006]","Décembre 2024 (Mise à jour)","millions de No","","Valeur manquante"
"Géorgie [GEO]","Valeur [6132]","Prevalence of unaffordability (PUA), percent [7005]","Décembre 2024 (Mise à jour)","%","","Valeur manquante"
"Haïti [HTI]","Valeur [6132]","Number of people unable to afford a healthy diet (NUA), million [7006]","Décembre 2024 (Mise à jour)","millions de No","9.6","Valeur estimée"
"Haïti [HTI]","Valeur [6132]","Prevalence of unaffordability (PUA), percent [7005]","Décembre 2024 (Mise à jour)","%","83.6","Valeur estimée"
"Honduras [HND]","Valeur [6132]","Number of people unable to afford a healthy diet (NUA), million [7006]","Décembre 2024 (Mise à jour)","millions de No","4.1","Valeur estimée"
"Honduras [HND]","Valeur [6132]","Prevalence of unaffordability (PUA), percent [7005]","Décembre 2024 (Mise à jour)","%","39","Valeur estimée"
"Hongrie [HUN]","Valeur [6132]","Number of people unable to afford a healthy diet (NUA), million [7006]","Décembre 2024 (Mise à jour)","millions de No","1","Valeur estimée"
"Hongrie [HUN]","Valeur [6132]","Prevalence of unaffordability (PUA), percent [7005]","Décembre 2024 (Mise à jour)","%","10.5","Valeur estimée"
"Inde [IND]","Valeur [6132]","Number of people unable to afford a healthy diet (NUA), million [7006]","Décembre 2024 (Mise à jour)","millions de No","792.8","Valeur estimée"
"Inde [IND]","Valeur [6132]","Prevalence of unaffordability (PUA), percent [7005]","Décembre 2024 (Mise à jour)","%","55.6","Valeur estimée"
"Indonésie [IDN]","Valeur [6132]","Number of people unable to afford a healthy diet (NUA), million [7006]","Décembre 2024 (Mise à jour)","millions de No","132.6","Valeur estimée"
"Indonésie [IDN]","Valeur [6132]","Prevalence of unaffordability (PUA), percent [7005]","Décembre 2024 (Mise à jour)","%","47.6","Valeur estimée"
"Iran (République islamique d') [IRN]","Valeur [6132]","Number of people unable to afford a healthy diet (NUA), million [7006]","Décembre 2024 (Mise à jour)","millions de No","14.1","Valeur estimée"
"Iran (République islamique d') [IRN]","Valeur [6132]","Prevalence of unaffordability (PUA), percent [7005]","Décembre 2024 (Mise à jour)","%","15.8","Valeur estimée"
"Iraq [IRQ]","Valeur [6132]","Number of people unable to afford a healthy diet (NUA), million [7006]","Décembre 2024 (Mise à jour)","millions de No","11.8","Valeur estimée"
"Iraq [IRQ]","Valeur [6132]","Prevalence of unaffordability (PUA), percent [7005]","Décembre 2024 (Mise à jour)","%","26.7","Valeur estimée"
"Irlande [IRL]","Valeur [6132]","Number of people unable to afford a healthy diet (NUA), million [7006]","Décembre 2024 (Mise à jour)","millions de No","<0.1","Valeur estimée"
"Irlande [IRL]","Valeur [6132]","Prevalence of unaffordability (PUA), percent [7005]","Décembre 2024 (Mise à jour)","%","1","Valeur estimée"
"Islande [ISL]","Valeur [6132]","Number of people unable to afford a healthy diet (NUA), million [7006]","Décembre 2024 (Mise à jour)","millions de No","<0.1","Valeur estimée"
"Islande [ISL]","Valeur [6132]","Prevalence of unaffordability (PUA), percent [7005]","Décembre 2024 (Mise à jour)","%","0.4","Valeur estimée"
"Israël [ISR]","Valeur [6132]","Number of people unable to afford a healthy diet (NUA), million [7006]","Décembre 2024 (Mise à jour)","millions de No","1.5","Valeur estimée"
"Israël [ISR]","Valeur [6132]","Prevalence of unaffordability (PUA), percent [7005]","Décembre 2024 (Mise à jour)","%","16.5","Valeur estimée"
"Italie [ITA]","Valeur [6132]","Number of people unable to afford a healthy diet (NUA), million [7006]","Décembre 2024 (Mise à jour)","millions de No","4.1","Valeur estimée"
"Italie [ITA]","Valeur [6132]","Prevalence of unaffordability (PUA), percent [7005]","Décembre 2024 (Mise à jour)","%","6.9","Valeur estimée"
"Jamaïque [JAM]","Valeur [6132]","Number of people unable to afford a healthy diet (NUA), million [7006]","Décembre 2024 (Mise à jour)","millions de No","0.6","Valeur estimée"
"Jamaïque [JAM]","Valeur [6132]","Prevalence of unaffordability (PUA), percent [7005]","Décembre 2024 (Mise à jour)","%","22.1","Valeur estimée"
"Japon [JPN]","Valeur [6132]","Number of people unable to afford a healthy diet (NUA), million [7006]","Décembre 2024 (Mise à jour)","millions de No","9.3","Valeur estimée"
"Japon [JPN]","Valeur [6132]","Prevalence of unaffordability (PUA), percent [7005]","Décembre 2024 (Mise à jour)","%","7.5","Valeur estimée"
"Jordanie [JOR]","Valeur [6132]","Number of people unable to afford a healthy diet (NUA), million [7006]","Décembre 2024 (Mise à jour)","millions de No","1.5","Valeur estimée"
"Jordanie [JOR]","Valeur [6132]","Prevalence of unaffordability (PUA), percent [7005]","Décembre 2024 (Mise à jour)","%","13","Valeur estimée"
"Kazakhstan [KAZ]","Valeur [6132]","Number of people unable to afford a healthy diet (NUA), million [7006]","Décembre 2024 (Mise à jour)","millions de No","1.1","Valeur estimée"
"Kazakhstan [KAZ]","Valeur [6132]","Prevalence of unaffordability (PUA), percent [7005]","Décembre 2024 (Mise à jour)","%","5.6","Valeur estimée"
"Kenya [KEN]","Valeur [6132]","Number of people unable to afford a healthy diet (NUA), million [7006]","Décembre 2024 (Mise à jour)","millions de No","43","Valeur estimée"
"Kenya [KEN]","Valeur [6132]","Prevalence of unaffordability (PUA), percent [7005]","Décembre 2024 (Mise à jour)","%","79.2","Valeur estimée"
"Kirghizistan [KGZ]","Valeur [6132]","Number of people unable to afford a healthy diet (NUA), million [7006]","Décembre 2024 (Mise à jour)","millions de No","2.5","Valeur estimée"
"Kirghizistan [KGZ]","Valeur [6132]","Prevalence of unaffordability (PUA), percent [7005]","Décembre 2024 (Mise à jour)","%","35.8","Valeur estimée"
"Kiribati [KIR]","Valeur [6132]","Number of people unable to afford a healthy diet (NUA), million [7006]","Décembre 2024 (Mise à jour)","millions de No","","Valeur manquante"
"Kiribati [KIR]","Valeur [6132]","Prevalence of unaffordability (PUA), percent [7005]","Décembre 2024 (Mise à jour)","%","","Valeur manquante"
"Koweït [KWT]","Valeur [6132]","Number of people unable to afford a healthy diet (NUA), million [7006]","Décembre 2024 (Mise à jour)","millions de No","","Valeur manquante"
"Koweït [KWT]","Valeur [6132]","Prevalence of unaffordability (PUA), percent [7005]","Décembre 2024 (Mise à jour)","%","","Valeur manquante"
"Lesotho [LSO]","Valeur [6132]","Number of people unable to afford a healthy diet (NUA), million [7006]","Décembre 2024 (Mise à jour)","millions de No","1.7","Valeur estimée"
"Lesotho [LSO]","Valeur [6132]","Prevalence of unaffordability (PUA), percent [7005]","Décembre 2024 (Mise à jour)","%","76.3","Valeur estimée"
"Lettonie [LVA]","Valeur [6132]","Number of people unable to afford a healthy diet (NUA), million [7006]","Décembre 2024 (Mise à jour)","millions de No","0.2","Valeur estimée"
"Lettonie [LVA]","Valeur [6132]","Prevalence of unaffordability (PUA), percent [7005]","Décembre 2024 (Mise à jour)","%","12.7","Valeur estimée"
"Liban [LBN]","Valeur [6132]","Number of people unable to afford a healthy diet (NUA), million [7006]","Décembre 2024 (Mise à jour)","millions de No","0.2","Valeur estimée"
"Liban [LBN]","Valeur [6132]","Prevalence of unaffordability (PUA), percent [7005]","Décembre 2024 (Mise à jour)","%","2.9","Valeur estimée"
"Libye [LBY]","Valeur [6132]","Number of people unable to afford a healthy diet (NUA), million [7006]","Décembre 2024 (Mise à jour)","millions de No","","Valeur manquante"
"Libye [LBY]","Valeur [6132]","Prevalence of unaffordability (PUA), percent [7005]","Décembre 2024 (Mise à jour)","%","","Valeur manquante"
"Libéria [LBR]","Valeur [6132]","Number of people unable to afford a healthy diet (NUA), million [7006]","Décembre 2024 (Mise à jour)","millions de No","3.4","Valeur estimée"
"Libéria [LBR]","Valeur [6132]","Prevalence of unaffordability (PUA), percent [7005]","Décembre 2024 (Mise à jour)","%","64.1","Valeur estimée"
"Lituanie [LTU]","Valeur [6132]","Number of people unable to afford a healthy diet (NUA), million [7006]","Décembre 2024 (Mise à jour)","millions de No","0.3","Valeur estimée"
"Lituanie [LTU]","Valeur [6132]","Prevalence of unaffordability (PUA), percent [7005]","Décembre 2024 (Mise à jour)","%","9","Valeur estimée"
"Luxembourg [LUX]","Valeur [6132]","Number of people unable to afford a healthy diet (NUA), million [7006]","Décembre 2024 (Mise à jour)","millions de No","<0.1","Valeur estimée"
"Luxembourg [LUX]","Valeur [6132]","Prevalence of unaffordability (PUA), percent [7005]","Décembre 2024 (Mise à jour)","%","1.9","Valeur estimée"
"Macédoine du Nord [MKD]","Valeur [6132]","Number of people unable to afford a healthy diet (NUA), million [7006]","Décembre 2024 (Mise à jour)","millions de No","0.4","Valeur estimée"
"Macédoine du Nord [MKD]","Valeur [6132]","Prevalence of unaffordability (PUA), percent [7005]","Décembre 2024 (Mise à jour)","%","19.4","Valeur estimée"
"Madagascar [MDG]","Valeur [6132]","Number of people unable to afford a healthy diet (NUA), million [7006]","Décembre 2024 (Mise à jour)","millions de No","28.5","Valeur estimée"
"Madagascar [MDG]","Valeur [6132]","Prevalence of unaffordability (PUA), percent [7005]","Décembre 2024 (Mise à jour)","%","93.6","Valeur estimée"
"Malaisie [MYS]","Valeur [6132]","Number of people unable to afford a healthy diet (NUA), million [7006]","Décembre 2024 (Mise à jour)","millions de No","0.6","Valeur estimée"
"Malaisie [MYS]","Valeur [6132]","Prevalence of unaffordability (PUA), percent [7005]","Décembre 2024 (Mise à jour)","%","1.8","Valeur estimée"
"Malawi [MWI]","Valeur [6132]","Number of people unable to afford a healthy diet (NUA), million [7006]","Décembre 2024 (Mise à jour)","millions de No","18.4","Valeur estimée"
"Malawi [MWI]","Valeur [6132]","Prevalence of unaffordability (PUA), percent [7005]","Décembre 2024 (Mise à jour)","%","89.6","Valeur estimée"
"Maldives [MDV]","Valeur [6132]","Number of people unable to afford a healthy diet (NUA), million [7006]","Décembre 2024 (Mise à jour)","millions de No","<0.1","Valeur estimée"
"Maldives [MDV]","Valeur [6132]","Prevalence of unaffordability (PUA), percent [7005]","Décembre 2024 (Mise à jour)","%","1.6","Valeur estimée"
"Mali [MLI]","Valeur [6132]","Number of people unable to afford a healthy diet (NUA), million [7006]","Décembre 2024 (Mise à jour)","millions de No","13.5","Valeur estimée"
"Mali [MLI]","Valeur [6132]","Prevalence of unaffordability (PUA), percent [7005]","Décembre 2024 (Mise à jour)","%","58.7","Valeur estimée"
"Malte [MLT]","Valeur [6132]","Number of people unable to afford a healthy diet (NUA), million [7006]","Décembre 2024 (Mise à jour)","millions de No","<0.1","Valeur estimée"
"Malte [MLT]","Valeur [6132]","Prevalence of unaffordability (PUA), percent [7005]","Décembre 2024 (Mise à jour)","%","2.4","Valeur estimée"
"Maroc [MAR]","Valeur [6132]","Number of people unable to afford a healthy diet (NUA), million [7006]","Décembre 2024 (Mise à jour)","millions de No","4.8","Valeur estimée"
"Maroc [MAR]","Valeur [6132]","Prevalence of unaffordability (PUA), percent [7005]","Décembre 2024 (Mise à jour)","%","12.7","Valeur estimée"
"Maurice [MUS]","Valeur [6132]","Number of people unable to afford a healthy diet (NUA), million [7006]","Décembre 2024 (Mise à jour)","millions de No","0.2","Valeur estimée"
"Maurice [MUS]","Valeur [6132]","Prevalence of unaffordability (PUA), percent [7005]","Décembre 2024 (Mise à jour)","%","17.5","Valeur estimée"
"Mauritanie [MRT]","Valeur [6132]","Number of people unable to afford a healthy diet (NUA), million [7006]","Décembre 2024 (Mise à jour)","millions de No","2.7","Valeur estimée"
"Mauritanie [MRT]","Valeur [6132]","Prevalence of unaffordability (PUA), percent [7005]","Décembre 2024 (Mise à jour)","%","55.2","Valeur estimée"
"Mexique [MEX]","Valeur [6132]","Number of people unable to afford a healthy diet (NUA), million [7006]","Décembre 2024 (Mise à jour)","millions de No","28.9","Valeur estimée"
"Mexique [MEX]","Valeur [6132]","Prevalence of unaffordability (PUA), percent [7005]","Décembre 2024 (Mise à jour)","%","22.5","Valeur estimée"
"Micronésie (États fédérés de) [FSM]","Valeur [6132]","Number of people unable to afford a healthy diet (NUA), million [7006]","Décembre 2024 (Mise à jour)","millions de No","","Valeur manquante"
"Micronésie (États fédérés de) [FSM]","Valeur [6132]","Prevalence of unaffordability (PUA), percent [7005]","Décembre 2024 (Mise à jour)","%","","Valeur manquante"
"Mongolie [MNG]","Valeur [6132]","Number of people unable to afford a healthy diet (NUA), million [7006]","Décembre 2024 (Mise à jour)","millions de No","0.7","Valeur estimée"
"Mongolie [MNG]","Valeur [6132]","Prevalence of unaffordability (PUA), percent [7005]","Décembre 2024 (Mise à jour)","%","19.6","Valeur estimée"
"Montserrat [MSR]","Valeur [6132]","Number of people unable to afford a healthy diet (NUA), million [7006]","Décembre 2024 (Mise à jour)","","",""
"Montserrat [MSR]","Valeur [6132]","Prevalence of unaffordability (PUA), percent [7005]","Décembre 2024 (Mise à jour)","","",""
"Monténégro [MNE]","Valeur [6132]","Number of people unable to afford a healthy diet (NUA), million [7006]","Décembre 2024 (Mise à jour)","millions de No","0.1","Valeur estimée"
"Monténégro [MNE]","Valeur [6132]","Prevalence of unaffordability (PUA), percent [7005]","Décembre 2024 (Mise à jour)","%","12.1","Valeur estimée"
"Mozambique [MOZ]","Valeur [6132]","Number of people unable to afford a healthy diet (NUA), million [7006]","Décembre 2024 (Mise à jour)","millions de No","29.2","Valeur estimée"
"Mozambique [MOZ]","Valeur [6132]","Prevalence of unaffordability (PUA), percent [7005]","Décembre 2024 (Mise à jour)","%","89.3","Valeur estimée"
"Myanmar [MMR]","Valeur [6132]","Number of people unable to afford a healthy diet (NUA), million [7006]","Décembre 2024 (Mise à jour)","millions de No","30.3","Valeur estimée"
"Myanmar [MMR]","Valeur [6132]","Prevalence of unaffordability (PUA), percent [7005]","Décembre 2024 (Mise à jour)","%","56.3","Valeur estimée"
"Namibie [NAM]","Valeur [6132]","Number of people unable to afford a healthy diet (NUA), million [7006]","Décembre 2024 (Mise à jour)","millions de No","1.7","Valeur estimée"
"Namibie [NAM]","Valeur [6132]","Prevalence of unaffordability (PUA), percent [7005]","Décembre 2024 (Mise à jour)","%","57.1","Valeur estimée"
"Nauru [NRU]","Valeur [6132]","Number of people unable to afford a healthy diet (NUA), million [7006]","Décembre 2024 (Mise à jour)","millions de No","","Valeur manquante"
"Nauru [NRU]","Valeur [6132]","Prevalence of unaffordability (PUA), percent [7005]","Décembre 2024 (Mise à jour)","%","","Valeur manquante"
"Nicaragua [NIC]","Valeur [6132]","Number of people unable to afford a healthy diet (NUA), million [7006]","Décembre 2024 (Mise à jour)","millions de No","1.8","Valeur estimée"
"Nicaragua [NIC]","Valeur [6132]","Prevalence of unaffordability (PUA), percent [7005]","Décembre 2024 (Mise à jour)","%","27.3","Valeur estimée"
"Niger [NER]","Valeur [6132]","Number of people unable to afford a healthy diet (NUA), million [7006]","Décembre 2024 (Mise à jour)","millions de No","21.9","Valeur estimée"
"Niger [NER]","Valeur [6132]","Prevalence of unaffordability (PUA), percent [7005]","Décembre 2024 (Mise à jour)","%","86.3","Valeur estimée"
"Nigéria [NGA]","Valeur [6132]","Number of people unable to afford a healthy diet (NUA), million [7006]","Décembre 2024 (Mise à jour)","millions de No","175.6","Valeur estimée"
"Nigéria [NGA]","Valeur [6132]","Prevalence of unaffordability (PUA), percent [7005]","Décembre 2024 (Mise à jour)","%","78.7","Valeur estimée"
"Nioué [NIU]","Valeur [6132]","Number of people unable to afford a healthy diet (NUA), million [7006]","Décembre 2024 (Mise à jour)","millions de No","","Valeur manquante"
"Nioué [NIU]","Valeur [6132]","Prevalence of unaffordability (PUA), percent [7005]","Décembre 2024 (Mise à jour)","%","","Valeur manquante"
"Norvège [NOR]","Valeur [6132]","Number of people unable to afford a healthy diet (NUA), million [7006]","Décembre 2024 (Mise à jour)","millions de No","0.1","Valeur estimée"
"Norvège [NOR]","Valeur [6132]","Prevalence of unaffordability (PUA), percent [7005]","Décembre 2024 (Mise à jour)","%","1.5","Valeur estimée"
"Nouvelle-Calédonie [NCL]","Valeur [6132]","Number of people unable to afford a healthy diet (NUA), million [7006]","Décembre 2024 (Mise à jour)","millions de No","","Valeur manquante"
"Nouvelle-Calédonie [NCL]","Valeur [6132]","Prevalence of unaffordability (PUA), percent [7005]","Décembre 2024 (Mise à jour)","%","","Valeur manquante"
"Nouvelle-Zélande [NZL]","Valeur [6132]","Number of people unable to afford a healthy diet (NUA), million [7006]","Décembre 2024 (Mise à jour)","millions de No","","Valeur manquante"
"Nouvelle-Zélande [NZL]","Valeur [6132]","Prevalence of unaffordability (PUA), percent [7005]","Décembre 2024 (Mise à jour)","%","","Valeur manquante"
"Népal [NPL]","Valeur [6132]","Number of people unable to afford a healthy diet (NUA), million [7006]","Décembre 2024 (Mise à jour)","millions de No","6.3","Valeur estimée"
"Népal [NPL]","Valeur [6132]","Prevalence of unaffordability (PUA), percent [7005]","Décembre 2024 (Mise à jour)","%","21.3","Valeur estimée"
"Oman [OMN]","Valeur [6132]","Number of people unable to afford a healthy diet (NUA), million [7006]","Décembre 2024 (Mise à jour)","millions de No","","Valeur manquante"
"Oman [OMN]","Valeur [6132]","Prevalence of unaffordability (PUA), percent [7005]","Décembre 2024 (Mise à jour)","%","","Valeur manquante"
"Ouganda [UGA]","Valeur [6132]","Number of people unable to afford a healthy diet (NUA), million [7006]","Décembre 2024 (Mise à jour)","millions de No","34.3","Valeur estimée"
"Ouganda [UGA]","Valeur [6132]","Prevalence of unaffordability (PUA), percent [7005]","Décembre 2024 (Mise à jour)","%","72.5","Valeur estimée"
"Ouzbékistan [UZB]","Valeur [6132]","Number of people unable to afford a healthy diet (NUA), million [7006]","Décembre 2024 (Mise à jour)","millions de No","5.2","Valeur estimée"
"Ouzbékistan [UZB]","Valeur [6132]","Prevalence of unaffordability (PUA), percent [7005]","Décembre 2024 (Mise à jour)","%","15","Valeur estimée"
"Pakistan [PAK]","Valeur [6132]","Number of people unable to afford a healthy diet (NUA), million [7006]","Décembre 2024 (Mise à jour)","millions de No","142.9","Valeur estimée"
"Pakistan [PAK]","Valeur [6132]","Prevalence of unaffordability (PUA), percent [7005]","Décembre 2024 (Mise à jour)","%","58.7","Valeur estimée"
"Palaos [PLW]","Valeur [6132]","Number of people unable to afford a healthy diet (NUA), million [7006]","Décembre 2024 (Mise à jour)","millions de No","","Valeur manquante"
"Palaos [PLW]","Valeur [6132]","Prevalence of unaffordability (PUA), percent [7005]","Décembre 2024 (Mise à jour)","%","","Valeur manquante"
"Palestine [PSE]","Valeur [6132]","Number of people unable to afford a healthy diet (NUA), million [7006]","Décembre 2024 (Mise à jour)","millions de No","0.2","Valeur estimée"
"Palestine [PSE]","Valeur [6132]","Prevalence of unaffordability (PUA), percent [7005]","Décembre 2024 (Mise à jour)","%","4.4","Valeur estimée"
"Panama [PAN]","Valeur [6132]","Number of people unable to afford a healthy diet (NUA), million [7006]","Décembre 2024 (Mise à jour)","millions de No","1.9","Valeur estimée"
"Panama [PAN]","Valeur [6132]","Prevalence of unaffordability (PUA), percent [7005]","Décembre 2024 (Mise à jour)","%","43.5","Valeur estimée"
"Papouasie-Nouvelle-Guinée [PNG]","Valeur [6132]","Number of people unable to afford a healthy diet (NUA), million [7006]","Décembre 2024 (Mise à jour)","millions de No","","Valeur manquante"
"Papouasie-Nouvelle-Guinée [PNG]","Valeur [6132]","Prevalence of unaffordability (PUA), percent [7005]","Décembre 2024 (Mise à jour)","%","","Valeur manquante"
"Paraguay [PRY]","Valeur [6132]","Number of people unable to afford a healthy diet (NUA), million [7006]","Décembre 2024 (Mise à jour)","millions de No","1.6","Valeur estimée"
"Paraguay [PRY]","Valeur [6132]","Prevalence of unaffordability (PUA), percent [7005]","Décembre 2024 (Mise à jour)","%","24.1","Valeur estimée"
"Pays-Bas (Royaume des) [NLD]","Valeur [6132]","Number of people unable to afford a healthy diet (NUA), million [7006]","Décembre 2024 (Mise à jour)","millions de No","0.2","Valeur estimée"
"Pays-Bas (Royaume des) [NLD]","Valeur [6132]","Prevalence of unaffordability (PUA), percent [7005]","Décembre 2024 (Mise à jour)","%","1.1","Valeur estimée"
"Philippines [PHL]","Valeur [6132]","Number of people unable to afford a healthy diet (NUA), million [7006]","Décembre 2024 (Mise à jour)","millions de No","54.8","Valeur estimée"
"Philippines [PHL]","Valeur [6132]","Prevalence of unaffordability (PUA), percent [7005]","Décembre 2024 (Mise à jour)","%","48.1","Valeur estimée"
"Pologne [POL]","Valeur [6132]","Number of people unable to afford a healthy diet (NUA), million [7006]","Décembre 2024 (Mise à jour)","millions de No","2.5","Valeur estimée"
"Pologne [POL]","Valeur [6132]","Prevalence of unaffordability (PUA), percent [7005]","Décembre 2024 (Mise à jour)","%","6.6","Valeur estimée"
"Polynésie française [PYF]","Valeur [6132]","Number of people unable to afford a healthy diet (NUA), million [7006]","Décembre 2024 (Mise à jour)","millions de No","","Valeur manquante"
"Polynésie française [PYF]","Valeur [6132]","Prevalence of unaffordability (PUA), percent [7005]","Décembre 2024 (Mise à jour)","%","","Valeur manquante"
"Porto Rico [PRI]","Valeur [6132]","Number of people unable to afford a healthy diet (NUA), million [7006]","Décembre 2024 (Mise à jour)","millions de No","","Valeur manquante"
"Porto Rico [PRI]","Valeur [6132]","Prevalence of unaffordability (PUA), percent [7005]","Décembre 2024 (Mise à jour)","%","","Valeur manquante"
"Portugal [PRT]","Valeur [6132]","Number of people unable to afford a healthy diet (NUA), million [7006]","Décembre 2024 (Mise à jour)","millions de No","1.3","Valeur estimée"
"Portugal [PRT]","Valeur [6132]","Prevalence of unaffordability (PUA), percent [7005]","Décembre 2024 (Mise à jour)","%","12","Valeur estimée"
"Pérou [PER]","Valeur [6132]","Number of people unable to afford a healthy diet (NUA), million [7006]","Décembre 2024 (Mise à jour)","millions de No","11.3","Valeur estimée"
"Pérou [PER]","Valeur [6132]","Prevalence of unaffordability (PUA), percent [7005]","Décembre 2024 (Mise à jour)","%","33.6","Valeur estimée"
"Qatar [QAT]","Valeur [6132]","Number of people unable to afford a healthy diet (NUA), million [7006]","Décembre 2024 (Mise à jour)","millions de No","<0.1","Valeur estimée"
"Qatar [QAT]","Valeur [6132]","Prevalence of unaffordability (PUA), percent [7005]","Décembre 2024 (Mise à jour)","%","<0.1","Valeur estimée"
"Roumanie [ROU]","Valeur [6132]","Number of people unable to afford a healthy diet (NUA), million [7006]","Décembre 2024 (Mise à jour)","millions de No","10.7","Valeur estimée"
"Roumanie [ROU]","Valeur [6132]","Prevalence of unaffordability (PUA), percent [7005]","Décembre 2024 (Mise à jour)","%","55.9","Valeur estimée"
"Royaume-Uni de Grande-Bretagne et d'Irlande du Nord [GBR]","Valeur [6132]","Number of people unable to afford a healthy diet (NUA), million [7006]","Décembre 2024 (Mise à jour)","millions de No","1.7","Valeur estimée"
"Royaume-Uni de Grande-Bretagne et d'Irlande du Nord [GBR]","Valeur [6132]","Prevalence of unaffordability (PUA), percent [7005]","Décembre 2024 (Mise à jour)","%","2.5","Valeur estimée"
"Rwanda [RWA]","Valeur [6132]","Number of people unable to afford a healthy diet (NUA), million [7006]","Décembre 2024 (Mise à jour)","millions de No","10.3","Valeur estimée"
"Rwanda [RWA]","Valeur [6132]","Prevalence of unaffordability (PUA), percent [7005]","Décembre 2024 (Mise à jour)","%","75.7","Valeur estimée"
"République arabe syrienne [SYR]","Valeur [6132]","Number of people unable to afford a healthy diet (NUA), million [7006]","Décembre 2024 (Mise à jour)","millions de No","","Valeur manquante"
"République arabe syrienne [SYR]","Valeur [6132]","Prevalence of unaffordability (PUA), percent [7005]","Décembre 2024 (Mise à jour)","%","","Valeur manquante"
"République centrafricaine [CAF]","Valeur [6132]","Number of people unable to afford a healthy diet (NUA), million [7006]","Décembre 2024 (Mise à jour)","millions de No","4.4","Valeur estimée"
"République centrafricaine [CAF]","Valeur [6132]","Prevalence of unaffordability (PUA), percent [7005]","Décembre 2024 (Mise à jour)","%","86.7","Valeur estimée"
"République de Corée [KOR]","Valeur [6132]","Number of people unable to afford a healthy diet (NUA), million [7006]","Décembre 2024 (Mise à jour)","millions de No","2.3","Valeur estimée"
"République de Corée [KOR]","Valeur [6132]","Prevalence of unaffordability (PUA), percent [7005]","Décembre 2024 (Mise à jour)","%","4.5","Valeur estimée"
"République de Moldova [MDA]","Valeur [6132]","Number of people unable to afford a healthy diet (NUA), million [7006]","Décembre 2024 (Mise à jour)","millions de No","0.4","Valeur estimée"
"République de Moldova [MDA]","Valeur [6132]","Prevalence of unaffordability (PUA), percent [7005]","Décembre 2024 (Mise à jour)","%","11.9","Valeur estimée"
"République dominicaine [DOM]","Valeur [6132]","Number of people unable to afford a healthy diet (NUA), million [7006]","Décembre 2024 (Mise à jour)","millions de No","2.8","Valeur estimée"
"République dominicaine [DOM]","Valeur [6132]","Prevalence of unaffordability (PUA), percent [7005]","Décembre 2024 (Mise à jour)","%","24.8","Valeur estimée"
"République démocratique du Congo [COD]","Valeur [6132]","Number of people unable to afford a healthy diet (NUA), million [7006]","Décembre 2024 (Mise à jour)","millions de No","93.6","Valeur estimée"
"République démocratique du Congo [COD]","Valeur [6132]","Prevalence of unaffordability (PUA), percent [7005]","Décembre 2024 (Mise à jour)","%","91.4","Valeur estimée"
"République démocratique populaire lao [LAO]","Valeur [6132]","Number of people unable to afford a healthy diet (NUA), million [7006]","Décembre 2024 (Mise à jour)","millions de No","4.3","Valeur estimée"
"République démocratique populaire lao [LAO]","Valeur [6132]","Prevalence of unaffordability (PUA), percent [7005]","Décembre 2024 (Mise à jour)","%","57.1","Valeur estimée"
"République populaire démocratique de Corée [PRK]","Valeur [6132]","Number of people unable to afford a healthy diet (NUA), million [7006]","Décembre 2024 (Mise à jour)","millions de No","","Valeur manquante"
"République populaire démocratique de Corée [PRK]","Valeur [6132]","Prevalence of unaffordability (PUA), percent [7005]","Décembre 2024 (Mise à jour)","%","","Valeur manquante"
"République-Unie de Tanzanie [TZA]","Valeur [6132]","Number of people unable to afford a healthy diet (NUA), million [7006]","Décembre 2024 (Mise à jour)","millions de No","48.8","Valeur estimée"
"République-Unie de Tanzanie [TZA]","Valeur [6132]","Prevalence of unaffordability (PUA), percent [7005]","Décembre 2024 (Mise à jour)","%","75.5","Valeur estimée"
"Saint-Kitts-et-Nevis [KNA]","Valeur [6132]","Number of people unable to afford a healthy diet (NUA), million [7006]","Décembre 2024 (Mise à jour)","millions de No","","Valeur manquante"
"Saint-Kitts-et-Nevis [KNA]","Valeur [6132]","Prevalence of unaffordability (PUA), percent [7005]","Décembre 2024 (Mise à jour)","%","","Valeur manquante"
"Saint-Vincent-et-les Grenadines [VCT]","Valeur [6132]","Number of people unable to afford a healthy diet (NUA), million [7006]","Décembre 2024 (Mise à jour)","millions de No","","Valeur manquante"
"Saint-Vincent-et-les Grenadines [VCT]","Valeur [6132]","Prevalence of unaffordability (PUA), percent [7005]","Décembre 2024 (Mise à jour)","%","","Valeur manquante"
"Sainte-Lucie [LCA]","Valeur [6132]","Number of people unable to afford a healthy diet (NUA), million [7006]","Décembre 2024 (Mise à jour)","millions de No","<0.1","Valeur estimée"
"Sainte-Lucie [LCA]","Valeur [6132]","Prevalence of unaffordability (PUA), percent [7005]","Décembre 2024 (Mise à jour)","%","8.5","Valeur estimée"
"Samoa [WSM]","Valeur [6132]","Number of people unable to afford a healthy diet (NUA), million [7006]","Décembre 2024 (Mise à jour)","millions de No","","Valeur manquante"
"Samoa [WSM]","Valeur [6132]","Prevalence of unaffordability (PUA), percent [7005]","Décembre 2024 (Mise à jour)","%","","Valeur manquante"
"Samoa américaines [ASM]","Valeur [6132]","Number of people unable to afford a healthy diet (NUA), million [7006]","Décembre 2024 (Mise à jour)","millions de No","","Valeur manquante"
"Samoa américaines [ASM]","Valeur [6132]","Prevalence of unaffordability (PUA), percent [7005]","Décembre 2024 (Mise à jour)","%","","Valeur manquante"
"Sao Tomé-et-Principe [STP]","Valeur [6132]","Number of people unable to afford a healthy diet (NUA), million [7006]","Décembre 2024 (Mise à jour)","millions de No","0.1","Valeur estimée"
"Sao Tomé-et-Principe [STP]","Valeur [6132]","Prevalence of unaffordability (PUA), percent [7005]","Décembre 2024 (Mise à jour)","%","51.3","Valeur estimée"
"Serbie [SRB]","Valeur [6132]","Number of people unable to afford a healthy diet (NUA), million [7006]","Décembre 2024 (Mise à jour)","millions de No","0.6","Valeur estimée"
"Serbie [SRB]","Valeur [6132]","Prevalence of unaffordability (PUA), percent [7005]","Décembre 2024 (Mise à jour)","%","8.1","Valeur estimée"
"Seychelles [SYC]","Valeur [6132]","Number of people unable to afford a healthy diet (NUA), million [7006]","Décembre 2024 (Mise à jour)","millions de No","0.1","Valeur estimée"
"Seychelles [SYC]","Valeur [6132]","Prevalence of unaffordability (PUA), percent [7005]","Décembre 2024 (Mise à jour)","%","45.3","Valeur estimée"
"Sierra Leone [SLE]","Valeur [6132]","Number of people unable to afford a healthy diet (NUA), million [7006]","Décembre 2024 (Mise à jour)","millions de No","5.2","Valeur estimée"
"Sierra Leone [SLE]","Valeur [6132]","Prevalence of unaffordability (PUA), percent [7005]","Décembre 2024 (Mise à jour)","%","62.5","Valeur estimée"
"Singapour [SGP]","Valeur [6132]","Number of people unable to afford a healthy diet (NUA), million [7006]","Décembre 2024 (Mise à jour)","millions de No","","Valeur manquante"
"Singapour [SGP]","Valeur [6132]","Prevalence of unaffordability (PUA), percent [7005]","Décembre 2024 (Mise à jour)","%","","Valeur manquante"
"Sint Maarten (partie néerlandaise) [SXM]","Valeur [6132]","Number of people unable to afford a healthy diet (NUA), million [7006]","Décembre 2024 (Mise à jour)","","",""
"Sint Maarten (partie néerlandaise) [SXM]","Valeur [6132]","Prevalence of unaffordability (PUA), percent [7005]","Décembre 2024 (Mise à jour)","","",""
"Slovaquie [SVK]","Valeur [6132]","Number of people unable to afford a healthy diet (NUA), million [7006]","Décembre 2024 (Mise à jour)","millions de No","1","Valeur estimée"
"Slovaquie [SVK]","Valeur [6132]","Prevalence of unaffordability (PUA), percent [7005]","Décembre 2024 (Mise à jour)","%","17.7","Valeur estimée"
"Slovénie [SVN]","Valeur [6132]","Number of people unable to afford a healthy diet (NUA), million [7006]","Décembre 2024 (Mise à jour)","millions de No","<0.1","Valeur estimée"
"Slovénie [SVN]","Valeur [6132]","Prevalence of unaffordability (PUA), percent [7005]","Décembre 2024 (Mise à jour)","%","1.4","Valeur estimée"
"Somalie [SOM]","Valeur [6132]","Number of people unable to afford a healthy diet (NUA), million [7006]","Décembre 2024 (Mise à jour)","millions de No","","Valeur manquante"
"Somalie [SOM]","Valeur [6132]","Prevalence of unaffordability (PUA), percent [7005]","Décembre 2024 (Mise à jour)","%","","Valeur manquante"
"Soudan [SDN]","Valeur [6132]","Number of people unable to afford a healthy diet (NUA), million [7006]","Décembre 2024 (Mise à jour)","millions de No","16.6","Valeur estimée"
"Soudan [SDN]","Valeur [6132]","Prevalence of unaffordability (PUA), percent [7005]","Décembre 2024 (Mise à jour)","%","33.7","Valeur estimée"
"Soudan du Sud [SSD]","Valeur [6132]","Number of people unable to afford a healthy diet (NUA), million [7006]","Décembre 2024 (Mise à jour)","millions de No","","Valeur manquante"
"Soudan du Sud [SSD]","Valeur [6132]","Prevalence of unaffordability (PUA), percent [7005]","Décembre 2024 (Mise à jour)","%","","Valeur manquante"
"Sri Lanka [LKA]","Valeur [6132]","Number of people unable to afford a healthy diet (NUA), million [7006]","Décembre 2024 (Mise à jour)","millions de No","9.4","Valeur estimée"
"Sri Lanka [LKA]","Valeur [6132]","Prevalence of unaffordability (PUA), percent [7005]","Décembre 2024 (Mise à jour)","%","41.1","Valeur estimée"
"Suisse [CHE]","Valeur [6132]","Number of people unable to afford a healthy diet (NUA), million [7006]","Décembre 2024 (Mise à jour)","millions de No","0.1","Valeur estimée"
"Suisse [CHE]","Valeur [6132]","Prevalence of unaffordability (PUA), percent [7005]","Décembre 2024 (Mise à jour)","%","1.2","Valeur estimée"
"Suriname [SUR]","Valeur [6132]","Number of people unable to afford a healthy diet (NUA), million [7006]","Décembre 2024 (Mise à jour)","millions de No","0.2","Valeur estimée"
"Suriname [SUR]","Valeur [6132]","Prevalence of unaffordability (PUA), percent [7005]","Décembre 2024 (Mise à jour)","%","25.5","Valeur estimée"
"Suède [SWE]","Valeur [6132]","Number of people unable to afford a healthy diet (NUA), million [7006]","Décembre 2024 (Mise à jour)","millions de No","0.4","Valeur estimée"
"Suède [SWE]","Valeur [6132]","Prevalence of unaffordability (PUA), percent [7005]","Décembre 2024 (Mise à jour)","%","3.6","Valeur estimée"
"Sénégal [SEN]","Valeur [6132]","Number of people unable to afford a healthy diet (NUA), million [7006]","Décembre 2024 (Mise à jour)","millions de No","8.7","Valeur estimée"
"Sénégal [SEN]","Valeur [6132]","Prevalence of unaffordability (PUA), percent [7005]","Décembre 2024 (Mise à jour)","%","49.5","Valeur estimée"
"Tadjikistan [TJK]","Valeur [6132]","Number of people unable to afford a healthy diet (NUA), million [7006]","Décembre 2024 (Mise à jour)","millions de No","2.9","Valeur estimée"
"Tadjikistan [TJK]","Valeur [6132]","Prevalence of unaffordability (PUA), percent [7005]","Décembre 2024 (Mise à jour)","%","28.6","Valeur estimée"
"Tchad [TCD]","Valeur [6132]","Number of people unable to afford a healthy diet (NUA), million [7006]","Décembre 2024 (Mise à jour)","millions de No","11.2","Valeur estimée"
"Tchad [TCD]","Valeur [6132]","Prevalence of unaffordability (PUA), percent [7005]","Décembre 2024 (Mise à jour)","%","60.8","Valeur estimée"
"Tchéquie [CZE]","Valeur [6132]","Number of people unable to afford a healthy diet (NUA), million [7006]","Décembre 2024 (Mise à jour)","millions de No","0.4","Valeur estimée"
"Tchéquie [CZE]","Valeur [6132]","Prevalence of unaffordability (PUA), percent [7005]","Décembre 2024 (Mise à jour)","%","4.2","Valeur estimée"
"Thaïlande [THA]","Valeur [6132]","Number of people unable to afford a healthy diet (NUA), million [7006]","Décembre 2024 (Mise à jour)","millions de No","11.7","Valeur estimée"
"Thaïlande [THA]","Valeur [6132]","Prevalence of unaffordability (PUA), percent [7005]","Décembre 2024 (Mise à jour)","%","16.4","Valeur estimée"
"Timor-Leste [TLS]","Valeur [6132]","Number of people unable to afford a healthy diet (NUA), million [7006]","Décembre 2024 (Mise à jour)","millions de No","","Valeur manquante"
"Timor-Leste [TLS]","Valeur [6132]","Prevalence of unaffordability (PUA), percent [7005]","Décembre 2024 (Mise à jour)","%","","Valeur manquante"
"Togo [TGO]","Valeur [6132]","Number of people unable to afford a healthy diet (NUA), million [7006]","Décembre 2024 (Mise à jour)","millions de No","5","Valeur estimée"
"Togo [TGO]","Valeur [6132]","Prevalence of unaffordability (PUA), percent [7005]","Décembre 2024 (Mise à jour)","%","54.6","Valeur estimée"
"Tokélaou [TKL]","Valeur [6132]","Number of people unable to afford a healthy diet (NUA), million [7006]","Décembre 2024 (Mise à jour)","millions de No","","Valeur manquante"
"Tokélaou [TKL]","Valeur [6132]","Prevalence of unaffordability (PUA), percent [7005]","Décembre 2024 (Mise à jour)","%","","Valeur manquante"
"Tonga [TON]","Valeur [6132]","Number of people unable to afford a healthy diet (NUA), million [7006]","Décembre 2024 (Mise à jour)","millions de No","","Valeur manquante"
"Tonga [TON]","Valeur [6132]","Prevalence of unaffordability (PUA), percent [7005]","Décembre 2024 (Mise à jour)","%","","Valeur manquante"
"Trinité-et-Tobago [TTO]","Valeur [6132]","Number of people unable to afford a healthy diet (NUA), million [7006]","Décembre 2024 (Mise à jour)","millions de No","0.6","Valeur estimée"
"Trinité-et-Tobago [TTO]","Valeur [6132]","Prevalence of unaffordability (PUA), percent [7005]","Décembre 2024 (Mise à jour)","%","39.1","Valeur estimée"
"Tunisie [TUN]","Valeur [6132]","Number of people unable to afford a healthy diet (NUA), million [7006]","Décembre 2024 (Mise à jour)","millions de No","0.9","Valeur estimée"
"Tunisie [TUN]","Valeur [6132]","Prevalence of unaffordability (PUA), percent [7005]","Décembre 2024 (Mise à jour)","%","7.3","Valeur estimée"
"Turkménistan [TKM]","Valeur [6132]","Number of people unable to afford a healthy diet (NUA), million [7006]","Décembre 2024 (Mise à jour)","millions de No","","Valeur manquante"
"Turkménistan [TKM]","Valeur [6132]","Prevalence of unaffordability (PUA), percent [7005]","Décembre 2024 (Mise à jour)","%","","Valeur manquante"
"Tuvalu [TUV]","Valeur [6132]","Number of people unable to afford a healthy diet (NUA), million [7006]","Décembre 2024 (Mise à jour)","millions de No","","Valeur manquante"
"Tuvalu [TUV]","Valeur [6132]","Prevalence of unaffordability (PUA), percent [7005]","Décembre 2024 (Mise à jour)","%","","Valeur manquante"
"Türkiye [TUR]","Valeur [6132]","Number of people unable to afford a healthy diet (NUA), million [7006]","Décembre 2024 (Mise à jour)","millions de No","5.3","Valeur estimée"
"Türkiye [TUR]","Valeur [6132]","Prevalence of unaffordability (PUA), percent [7005]","Décembre 2024 (Mise à jour)","%","6.1","Valeur estimée"
"Ukraine [UKR]","Valeur [6132]","Number of people unable to afford a healthy diet (NUA), million [7006]","Décembre 2024 (Mise à jour)","millions de No","","Valeur manquante"
"Ukraine [UKR]","Valeur [6132]","Prevalence of unaffordability (PUA), percent [7005]","Décembre 2024 (Mise à jour)","%","","Valeur manquante"
"Uruguay [URY]","Valeur [6132]","Number of people unable to afford a healthy diet (NUA), million [7006]","Décembre 2024 (Mise à jour)","millions de No","1.2","Valeur estimée"
"Uruguay [URY]","Valeur [6132]","Prevalence of unaffordability (PUA), percent [7005]","Décembre 2024 (Mise à jour)","%","36.1","Valeur estimée"
"Vanuatu [VUT]","Valeur [6132]","Number of people unable to afford a healthy diet (NUA), million [7006]","Décembre 2024 (Mise à jour)","millions de No","","Valeur manquante"
"Vanuatu [VUT]","Valeur [6132]","Prevalence of unaffordability (PUA), percent [7005]","Décembre 2024 (Mise à jour)","%","","Valeur manquante"
"Venezuela (République bolivarienne du) [VEN]","Valeur [6132]","Number of people unable to afford a healthy diet (NUA), million [7006]","Décembre 2024 (Mise à jour)","millions de No","","Valeur manquante"
"Venezuela (République bolivarienne du) [VEN]","Valeur [6132]","Prevalence of unaffordability (PUA), percent [7005]","Décembre 2024 (Mise à jour)","%","","Valeur manquante"
"Viet Nam [VNM]","Valeur [6132]","Number of people unable to afford a healthy diet (NUA), million [7006]","Décembre 2024 (Mise à jour)","millions de No","9.4","Valeur estimée"
"Viet Nam [VNM]","Valeur [6132]","Prevalence of unaffordability (PUA), percent [7005]","Décembre 2024 (Mise à jour)","%","9.4","Valeur estimée"
"Yémen [YEM]","Valeur [6132]","Number of people unable to afford a healthy diet (NUA), million [7006]","Décembre 2024 (Mise à jour)","millions de No","","Valeur manquante"
"Yémen [YEM]","Valeur [6132]","Prevalence of unaffordability (PUA), percent [7005]","Décembre 2024 (Mise à jour)","%","","Valeur manquante"
"Zambie [ZMB]","Valeur [6132]","Number of people unable to afford a healthy diet (NUA), million [7006]","Décembre 2024 (Mise à jour)","millions de No","16.5","Valeur estimée"
"Zambie [ZMB]","Valeur [6132]","Prevalence of unaffordability (PUA), percent [7005]","Décembre 2024 (Mise à jour)","%","81.7","Valeur estimée"
"Zimbabwe [ZWE]","Valeur [6132]","Number of people unable to afford a healthy diet (NUA), million [7006]","Décembre 2024 (Mise à jour)","millions de No","","Valeur manquante; supprimée"
"Zimbabwe [ZWE]","Valeur [6132]","Prevalence of unaffordability (PUA), percent [7005]","Décembre 2024 (Mise à jour)","%","","Valeur manquante; supprimée"
"Égypte [EGY]","Valeur [6132]","Number of people unable to afford a healthy diet (NUA), million [7006]","Décembre 2024 (Mise à jour)","millions de No","50","Valeur estimée"
"Égypte [EGY]","Valeur [6132]","Prevalence of unaffordability (PUA), percent [7005]","Décembre 2024 (Mise à jour)","%","44.4","Valeur estimée"
"Émirats arabes unis [ARE]","Valeur [6132]","Number of people unable to afford a healthy diet (NUA), million [7006]","Décembre 2024 (Mise à jour)","millions de No","0.2","Valeur estimée"
"Émirats arabes unis [ARE]","Valeur [6132]","Prevalence of unaffordability (PUA), percent [7005]","Décembre 2024 (Mise à jour)","%","2.3","Valeur estimée"
"Équateur [ECU]","Valeur [6132]","Number of people unable to afford a healthy diet (NUA), million [7006]","Décembre 2024 (Mise à jour)","millions de No","4.6","Valeur estimée"
"Équateur [ECU]","Valeur [6132]","Prevalence of unaffordability (PUA), percent [7005]","Décembre 2024 (Mise à jour)","%","25.9","Valeur estimée"
"Érythrée [ERI]","Valeur [6132]","Number of people unable to afford a healthy diet (NUA), million [7006]","Décembre 2024 (Mise à jour)","millions de No","","Valeur manquante"
"Érythrée [ERI]","Valeur [6132]","Prevalence of unaffordability (PUA), percent [7005]","Décembre 2024 (Mise à jour)","%","","Valeur manquante"
"États-Unis d'Amérique [USA]","Valeur [6132]","Number of people unable to afford a healthy diet (NUA), million [7006]","Décembre 2024 (Mise à jour)","millions de No","16.2","Valeur estimée"
"États-Unis d'Amérique [USA]","Valeur [6132]","Prevalence of unaffordability (PUA), percent [7005]","Décembre 2024 (Mise à jour)","%","4.7","Valeur estimée"
"Éthiopie [ETH]","Valeur [6132]","Number of people unable to afford a healthy diet (NUA), million [7006]","Décembre 2024 (Mise à jour)","millions de No","67.8","Valeur estimée"
"Éthiopie [ETH]","Valeur [6132]","Prevalence of unaffordability (PUA), percent [7005]","Décembre 2024 (Mise à jour)","%","54.1","Valeur estimée"
"Îles Caïmanes [CYM]","Valeur [6132]","Number of people unable to afford a healthy diet (NUA), million [7006]","Décembre 2024 (Mise à jour)","","",""
"Îles Caïmanes [CYM]","Valeur [6132]","Prevalence of unaffordability (PUA), percent [7005]","Décembre 2024 (Mise à jour)","","",""
"Îles Cook [COK]","Valeur [6132]","Number of people unable to afford a healthy diet (NUA), million [7006]","Décembre 2024 (Mise à jour)","millions de No","","Valeur manquante"
"Îles Cook [COK]","Valeur [6132]","Prevalence of unaffordability (PUA), percent [7005]","Décembre 2024 (Mise à jour)","%","","Valeur manquante"
"Îles Marshall [MHL]","Valeur [6132]","Number of people unable to afford a healthy diet (NUA), million [7006]","Décembre 2024 (Mise à jour)","millions de No","","Valeur manquante"
"Îles Marshall [MHL]","Valeur [6132]","Prevalence of unaffordability (PUA), percent [7005]","Décembre 2024 (Mise à jour)","%","","Valeur manquante"
"Îles Salomon [SLB]","Valeur [6132]","Number of people unable to afford a healthy diet (NUA), million [7006]","Décembre 2024 (Mise à jour)","millions de No","","Valeur manquante"
"Îles Salomon [SLB]","Valeur [6132]","Prevalence of unaffordability (PUA), percent [7005]","Décembre 2024 (Mise à jour)","%","","Valeur manquante"
"Îles Turques-et-Caïques [TCA]","Valeur [6132]","Number of people unable to afford a healthy diet (NUA), million [7006]","Décembre 2024 (Mise à jour)","","",""
"Îles Turques-et-Caïques [TCA]","Valeur [6132]","Prevalence of unaffordability (PUA), percent [7005]","Décembre 2024 (Mise à jour)","","",""
"Îles Vierges britanniques [VGB]","Valeur [6132]","Number of people unable to afford a healthy diet (NUA), million [7006]","Décembre 2024 (Mise à jour)","","",""
"Îles Vierges britanniques [VGB]","Valeur [6132]","Prevalence of unaffordability (PUA), percent [7005]","Décembre 2024 (Mise à jour)","","",""
"","","","","","",""
"","","","","","",""
