Code Domaine,Domaine,Code zone (ISO3),Zone,Code Élément,Élément,Code Produit,Produit,Code année,Année,Unité,Valeur,Symbole,Description du Symbole,Note
"MK","Indicateurs macro","AFG","Afghanistan","6119","Valeur US $ par habitant","22008","Produit Intérieur Brut","2022","2022","USD","344.649112","X","Ciffre de sources internationales",""
"MK","Indicateurs macro","AFG","Afghanistan","61290","Croissance annuelle US$ par habitant","22008","Produit Intérieur Brut","2022","2022","%","-8.842977","X","Ciffre de sources internationales",""
"MK","Indicateurs macro","ZAF","Afrique du Sud","6119","Valeur US $ par habitant","22008","Produit Intérieur Brut","2022","2022","USD","6766.481054","X","Ciffre de sources internationales",""
"MK","Indicateurs macro","ZAF","Afrique du Sud","61290","Croissance annuelle US$ par habitant","22008","Produit Intérieur Brut","2022","2022","%","-4.341935","X","Ciffre de sources internationales",""
"MK","Indicateurs macro","ALB","Albanie","6119","Valeur US $ par habitant","22008","Produit Intérieur Brut","2022","2022","USD","6655.258391","X","Ciffre de sources internationales",""
"MK","Indicateurs macro","ALB","Albanie","61290","Croissance annuelle US$ par habitant","22008","Produit Intérieur Brut","2022","2022","%","5.95779","X","Ciffre de sources internationales",""
"MK","Indicateurs macro","DZA","Algérie","6119","Valeur US $ par habitant","22008","Produit Intérieur Brut","2022","2022","USD","4273.922183","X","Ciffre de sources internationales",""
"MK","Indicateurs macro","DZA","Algérie","61290","Croissance annuelle US$ par habitant","22008","Produit Intérieur Brut","2022","2022","%","15.501403","X","Ciffre de sources internationales",""
"MK","Indicateurs macro","DEU","Allemagne","6119","Valeur US $ par habitant","22008","Produit Intérieur Brut","2022","2022","USD","48901.658828","X","Ciffre de sources internationales",""
"MK","Indicateurs macro","DEU","Allemagne","61290","Croissance annuelle US$ par habitant","22008","Produit Intérieur Brut","2022","2022","%","-4.667223","X","Ciffre de sources internationales",""
"MK","Indicateurs macro","AND","Andorre","6119","Valeur US $ par habitant","22008","Produit Intérieur Brut","2022","2022","USD","42293.297081","X","Ciffre de sources internationales",""
"MK","Indicateurs macro","AND","Andorre","61290","Croissance annuelle US$ par habitant","22008","Produit Intérieur Brut","2022","2022","%","0.540404","X","Ciffre de sources internationales",""
"MK","Indicateurs macro","AGO","Angola","6119","Valeur US $ par habitant","22008","Produit Intérieur Brut","2022","2022","USD","3183.699796","X","Ciffre de sources internationales",""
"MK","Indicateurs macro","AGO","Angola","61290","Croissance annuelle US$ par habitant","22008","Produit Intérieur Brut","2022","2022","%","57.139741","X","Ciffre de sources internationales",""
"MK","Indicateurs macro","AIA","Anguilla","6119","Valeur US $ par habitant","22008","Produit Intérieur Brut","2022","2022","USD","28561.285003","X","Ciffre de sources internationales",""
"MK","Indicateurs macro","AIA","Anguilla","61290","Croissance annuelle US$ par habitant","22008","Produit Intérieur Brut","2022","2022","%","49.488087","X","Ciffre de sources internationales",""
"MK","Indicateurs macro","ATG","Antigua-et-Barbuda","6119","Valeur US $ par habitant","22008","Produit Intérieur Brut","2022","2022","USD","18880.028883","X","Ciffre de sources internationales",""
"MK","Indicateurs macro","ATG","Antigua-et-Barbuda","61290","Croissance annuelle US$ par habitant","22008","Produit Intérieur Brut","2022","2022","%","12.781578","X","Ciffre de sources internationales",""
"MK","Indicateurs macro","ANT","Antilles néerlandaises (ex)","6119","Valeur US $ par habitant","22008","Produit Intérieur Brut","2022","2022","","","","",""
"MK","Indicateurs macro","ANT","Antilles néerlandaises (ex)","61290","Croissance annuelle US$ par habitant","22008","Produit Intérieur Brut","2022","2022","","","","",""
"MK","Indicateurs macro","SAU","Arabie saoudite","6119","Valeur US $ par habitant","22008","Produit Intérieur Brut","2022","2022","USD","30436.278303","X","Ciffre de sources internationales",""
"MK","Indicateurs macro","SAU","Arabie saoudite","61290","Croissance annuelle US$ par habitant","22008","Produit Intérieur Brut","2022","2022","%","25.974448","X","Ciffre de sources internationales",""
"MK","Indicateurs macro","ARG","Argentine","6119","Valeur US $ par habitant","22008","Produit Intérieur Brut","2022","2022","USD","13867.913268","X","Ciffre de sources internationales",""
"MK","Indicateurs macro","ARG","Argentine","61290","Croissance annuelle US$ par habitant","22008","Produit Intérieur Brut","2022","2022","%","28.692589","X","Ciffre de sources internationales",""
"MK","Indicateurs macro","ARM","Arménie","6119","Valeur US $ par habitant","22008","Produit Intérieur Brut","2022","2022","USD","7018.113045","X","Ciffre de sources internationales",""
"MK","Indicateurs macro","ARM","Arménie","61290","Croissance annuelle US$ par habitant","22008","Produit Intérieur Brut","2022","2022","%","41.130393","X","Ciffre de sources internationales",""
"MK","Indicateurs macro","ABW","Aruba","6119","Valeur US $ par habitant","22008","Produit Intérieur Brut","2022","2022","USD","33300.838821","X","Ciffre de sources internationales",""
"MK","Indicateurs macro","ABW","Aruba","61290","Croissance annuelle US$ par habitant","22008","Produit Intérieur Brut","2022","2022","%","14.326812","X","Ciffre de sources internationales",""
"MK","Indicateurs macro","AUS","Australie","6119","Valeur US $ par habitant","22008","Produit Intérieur Brut","2022","2022","USD","67866.792484","X","Ciffre de sources internationales",""
"MK","Indicateurs macro","AUS","Australie","61290","Croissance annuelle US$ par habitant","22008","Produit Intérieur Brut","2022","2022","%","0.370459","X","Ciffre de sources internationales",""
"MK","Indicateurs macro","AUT","Autriche","6119","Valeur US $ par habitant","22008","Produit Intérieur Brut","2022","2022","USD","52608.760637","X","Ciffre de sources internationales",""
"MK","Indicateurs macro","AUT","Autriche","61290","Croissance annuelle US$ par habitant","22008","Produit Intérieur Brut","2022","2022","%","-2.068805","X","Ciffre de sources internationales",""
"MK","Indicateurs macro","AZE","Azerbaïdjan","6119","Valeur US $ par habitant","22008","Produit Intérieur Brut","2022","2022","USD","7599.970692","X","Ciffre de sources internationales",""
"MK","Indicateurs macro","AZE","Azerbaïdjan","61290","Croissance annuelle US$ par habitant","22008","Produit Intérieur Brut","2022","2022","%","42.960051","X","Ciffre de sources internationales",""
"MK","Indicateurs macro","BHS","Bahamas","6119","Valeur US $ par habitant","22008","Produit Intérieur Brut","2022","2022","USD","31458.354292","X","Ciffre de sources internationales",""
"MK","Indicateurs macro","BHS","Bahamas","61290","Croissance annuelle US$ par habitant","22008","Produit Intérieur Brut","2022","2022","%","11.316156","X","Ciffre de sources internationales",""
"MK","Indicateurs macro","BHR","Bahreïn","6119","Valeur US $ par habitant","22008","Produit Intérieur Brut","2022","2022","USD","30146.509534","X","Ciffre de sources internationales",""
"MK","Indicateurs macro","BHR","Bahreïn","61290","Croissance annuelle US$ par habitant","22008","Produit Intérieur Brut","2022","2022","%","12.23539","X","Ciffre de sources internationales",""
"MK","Indicateurs macro","BGD","Bangladesh","6119","Valeur US $ par habitant","22008","Produit Intérieur Brut","2022","2022","USD","2527.52127","X","Ciffre de sources internationales",""
"MK","Indicateurs macro","BGD","Bangladesh","61290","Croissance annuelle US$ par habitant","22008","Produit Intérieur Brut","2022","2022","%","3.205205","X","Ciffre de sources internationales",""
"MK","Indicateurs macro","BRB","Barbade","6119","Valeur US $ par habitant","22008","Produit Intérieur Brut","2022","2022","USD","20238.784242","X","Ciffre de sources internationales",""
"MK","Indicateurs macro","BRB","Barbade","61290","Croissance annuelle US$ par habitant","22008","Produit Intérieur Brut","2022","2022","%","15.600863","X","Ciffre de sources internationales",""
"MK","Indicateurs macro","BLR","Bélarus","6119","Valeur US $ par habitant","22008","Produit Intérieur Brut","2022","2022","USD","7642.810883","X","Ciffre de sources internationales",""
"MK","Indicateurs macro","BLR","Bélarus","61290","Croissance annuelle US$ par habitant","22008","Produit Intérieur Brut","2022","2022","%","5.066976","X","Ciffre de sources internationales",""
"MK","Indicateurs macro","BEL","Belgique","6119","Valeur US $ par habitant","22008","Produit Intérieur Brut","2022","2022","USD","49986.832591","X","Ciffre de sources internationales",""
"MK","Indicateurs macro","BEL","Belgique","61290","Croissance annuelle US$ par habitant","22008","Produit Intérieur Brut","2022","2022","%","-3.384236","X","Ciffre de sources internationales",""
"MK","Indicateurs macro","BLZ","Belize","6119","Valeur US $ par habitant","22008","Produit Intérieur Brut","2022","2022","USD","6984.216959","X","Ciffre de sources internationales",""
"MK","Indicateurs macro","BLZ","Belize","61290","Croissance annuelle US$ par habitant","22008","Produit Intérieur Brut","2022","2022","%","15.232693","X","Ciffre de sources internationales",""
"MK","Indicateurs macro","BEN","Bénin","6119","Valeur US $ par habitant","22008","Produit Intérieur Brut","2022","2022","USD","1302.850067","X","Ciffre de sources internationales",""
"MK","Indicateurs macro","BEN","Bénin","61290","Croissance annuelle US$ par habitant","22008","Produit Intérieur Brut","2022","2022","%","-4.266362","X","Ciffre de sources internationales",""
"MK","Indicateurs macro","BMU","Bermudes","6119","Valeur US $ par habitant","22008","Produit Intérieur Brut","2022","2022","USD","117568.241306","X","Ciffre de sources internationales",""
"MK","Indicateurs macro","BMU","Bermudes","61290","Croissance annuelle US$ par habitant","22008","Produit Intérieur Brut","2022","2022","%","3.561714","X","Ciffre de sources internationales",""
"MK","Indicateurs macro","BTN","Bhoutan","6119","Valeur US $ par habitant","22008","Produit Intérieur Brut","2022","2022","USD","3704.344581","X","Ciffre de sources internationales",""
"MK","Indicateurs macro","BTN","Bhoutan","61290","Croissance annuelle US$ par habitant","22008","Produit Intérieur Brut","2022","2022","%","4.048839","X","Ciffre de sources internationales",""
"MK","Indicateurs macro","BOL","Bolivie (État plurinational de)","6119","Valeur US $ par habitant","22008","Produit Intérieur Brut","2022","2022","USD","3600.121635","X","Ciffre de sources internationales",""
"MK","Indicateurs macro","BOL","Bolivie (État plurinational de)","61290","Croissance annuelle US$ par habitant","22008","Produit Intérieur Brut","2022","2022","%","7.626214","X","Ciffre de sources internationales",""
"MK","Indicateurs macro","BIH","Bosnie-Herzégovine","6119","Valeur US $ par habitant","22008","Produit Intérieur Brut","2022","2022","USD","7568.79898","X","Ciffre de sources internationales",""
"MK","Indicateurs macro","BIH","Bosnie-Herzégovine","61290","Croissance annuelle US$ par habitant","22008","Produit Intérieur Brut","2022","2022","%","4.580802","X","Ciffre de sources internationales",""
"MK","Indicateurs macro","BWA","Botswana","6119","Valeur US $ par habitant","22008","Produit Intérieur Brut","2022","2022","USD","7737.65468","X","Ciffre de sources internationales",""
"MK","Indicateurs macro","BWA","Botswana","61290","Croissance annuelle US$ par habitant","22008","Produit Intérieur Brut","2022","2022","%","6.891457","X","Ciffre de sources internationales",""
"MK","Indicateurs macro","BRA","Brésil","6119","Valeur US $ par habitant","22008","Produit Intérieur Brut","2022","2022","USD","8917.673509","X","Ciffre de sources internationales",""
"MK","Indicateurs macro","BRA","Brésil","61290","Croissance annuelle US$ par habitant","22008","Produit Intérieur Brut","2022","2022","%","15.862315","X","Ciffre de sources internationales",""
"MK","Indicateurs macro","BRN","Brunéi Darussalam","6119","Valeur US $ par habitant","22008","Produit Intérieur Brut","2022","2022","USD","37152.466238","X","Ciffre de sources internationales",""
"MK","Indicateurs macro","BRN","Brunéi Darussalam","61290","Croissance annuelle US$ par habitant","22008","Produit Intérieur Brut","2022","2022","%","18.135928","X","Ciffre de sources internationales",""
"MK","Indicateurs macro","BGR","Bulgarie","6119","Valeur US $ par habitant","22008","Produit Intérieur Brut","2022","2022","USD","13301.92371","X","Ciffre de sources internationales",""
"MK","Indicateurs macro","BGR","Bulgarie","61290","Croissance annuelle US$ par habitant","22008","Produit Intérieur Brut","2022","2022","%","8.993132","X","Ciffre de sources internationales",""
"MK","Indicateurs macro","BFA","Burkina Faso","6119","Valeur US $ par habitant","22008","Produit Intérieur Brut","2022","2022","USD","845.760531","X","Ciffre de sources internationales",""
"MK","Indicateurs macro","BFA","Burkina Faso","61290","Croissance annuelle US$ par habitant","22008","Produit Intérieur Brut","2022","2022","%","-6.491546","X","Ciffre de sources internationales",""
"MK","Indicateurs macro","BDI","Burundi","6119","Valeur US $ par habitant","22008","Produit Intérieur Brut","2022","2022","USD","312.874378","X","Ciffre de sources internationales",""
"MK","Indicateurs macro","BDI","Burundi","61290","Croissance annuelle US$ par habitant","22008","Produit Intérieur Brut","2022","2022","%","4.931418","X","Ciffre de sources internationales",""
"MK","Indicateurs macro","CPV","Cabo Verde","6119","Valeur US $ par habitant","22008","Produit Intérieur Brut","2022","2022","USD","3902.589049","X","Ciffre de sources internationales",""
"MK","Indicateurs macro","CPV","Cabo Verde","61290","Croissance annuelle US$ par habitant","22008","Produit Intérieur Brut","2022","2022","%","9.689909","X","Ciffre de sources internationales",""
"MK","Indicateurs macro","KHM","Cambodge","6119","Valeur US $ par habitant","22008","Produit Intérieur Brut","2022","2022","USD","1759.608024","X","Ciffre de sources internationales",""
"MK","Indicateurs macro","KHM","Cambodge","61290","Croissance annuelle US$ par habitant","22008","Produit Intérieur Brut","2022","2022","%","8.267912","X","Ciffre de sources internationales",""
"MK","Indicateurs macro","CMR","Cameroun","6119","Valeur US $ par habitant","22008","Produit Intérieur Brut","2022","2022","USD","1588.478723","X","Ciffre de sources internationales",""
"MK","Indicateurs macro","CMR","Cameroun","61290","Croissance annuelle US$ par habitant","22008","Produit Intérieur Brut","2022","2022","%","-4.706494","X","Ciffre de sources internationales",""
"MK","Indicateurs macro","CAN","Canada","6119","Valeur US $ par habitant","22008","Produit Intérieur Brut","2022","2022","USD","55596.844019","X","Ciffre de sources internationales",""
"MK","Indicateurs macro","CAN","Canada","61290","Croissance annuelle US$ par habitant","22008","Produit Intérieur Brut","2022","2022","%","5.986125","X","Ciffre de sources internationales",""
"MK","Indicateurs macro","CHL","Chili","6119","Valeur US $ par habitant","22008","Produit Intérieur Brut","2022","2022","USD","15338.201466","X","Ciffre de sources internationales",""
"MK","Indicateurs macro","CHL","Chili","61290","Croissance annuelle US$ par habitant","22008","Produit Intérieur Brut","2022","2022","%","-5.59597","X","Ciffre de sources internationales",""
"MK","Indicateurs macro","F351","Chine","6119","Valeur US $ par habitant","22008","Produit Intérieur Brut","2022","2022","USD","12793.680838","X","Ciffre de sources internationales",""
"MK","Indicateurs macro","F351","Chine","61290","Croissance annuelle US$ par habitant","22008","Produit Intérieur Brut","2022","2022","%","0.695682","X","Ciffre de sources internationales",""
"MK","Indicateurs macro","HKG","Chine - RAS de Hong-Kong","6119","Valeur US $ par habitant","22008","Produit Intérieur Brut","2022","2022","USD","48049.817804","X","Ciffre de sources internationales",""
"MK","Indicateurs macro","HKG","Chine - RAS de Hong-Kong","61290","Croissance annuelle US$ par habitant","22008","Produit Intérieur Brut","2022","2022","%","-2.384303","X","Ciffre de sources internationales",""
"MK","Indicateurs macro","MAC","Chine - RAS de Macao","6119","Valeur US $ par habitant","22008","Produit Intérieur Brut","2022","2022","USD","34584.858737","X","Ciffre de sources internationales",""
"MK","Indicateurs macro","MAC","Chine - RAS de Macao","61290","Croissance annuelle US$ par habitant","22008","Produit Intérieur Brut","2022","2022","%","-23.323489","X","Ciffre de sources internationales",""
"MK","Indicateurs macro","CHN","Chine, continentale","6119","Valeur US $ par habitant","22008","Produit Intérieur Brut","2022","2022","USD","12597.889086","X","Ciffre de sources internationales",""
"MK","Indicateurs macro","CHN","Chine, continentale","61290","Croissance annuelle US$ par habitant","22008","Produit Intérieur Brut","2022","2022","%","0.80126","X","Ciffre de sources internationales",""
"MK","Indicateurs macro","CYP","Chypre","6119","Valeur US $ par habitant","22008","Produit Intérieur Brut","2022","2022","USD","23340.852122","X","Ciffre de sources internationales",""
"MK","Indicateurs macro","CYP","Chypre","61290","Croissance annuelle US$ par habitant","22008","Produit Intérieur Brut","2022","2022","%","-1.500767","X","Ciffre de sources internationales",""
"MK","Indicateurs macro","COL","Colombie","6119","Valeur US $ par habitant","22008","Produit Intérieur Brut","2022","2022","USD","6630.282452","X","Ciffre de sources internationales",""
"MK","Indicateurs macro","COL","Colombie","61290","Croissance annuelle US$ par habitant","22008","Produit Intérieur Brut","2022","2022","%","7.220407","X","Ciffre de sources internationales",""
"MK","Indicateurs macro","COM","Comores","6119","Valeur US $ par habitant","22008","Produit Intérieur Brut","2022","2022","USD","1489.752341","X","Ciffre de sources internationales",""
"MK","Indicateurs macro","COM","Comores","61290","Croissance annuelle US$ par habitant","22008","Produit Intérieur Brut","2022","2022","%","-5.560705","X","Ciffre de sources internationales",""
"MK","Indicateurs macro","COG","Congo","6119","Valeur US $ par habitant","22008","Produit Intérieur Brut","2022","2022","USD","2570.136581","X","Ciffre de sources internationales",""
"MK","Indicateurs macro","COG","Congo","61290","Croissance annuelle US$ par habitant","22008","Produit Intérieur Brut","2022","2022","%","1.771686","X","Ciffre de sources internationales",""
"MK","Indicateurs macro","CRI","Costa Rica","6119","Valeur US $ par habitant","22008","Produit Intérieur Brut","2022","2022","USD","13198.821717","X","Ciffre de sources internationales",""
"MK","Indicateurs macro","CRI","Costa Rica","61290","Croissance annuelle US$ par habitant","22008","Produit Intérieur Brut","2022","2022","%","5.276792","X","Ciffre de sources internationales",""
"MK","Indicateurs macro","CIV","Côte d'Ivoire","6119","Valeur US $ par habitant","22008","Produit Intérieur Brut","2022","2022","USD","2486.412194","X","Ciffre de sources internationales",""
"MK","Indicateurs macro","CIV","Côte d'Ivoire","61290","Croissance annuelle US$ par habitant","22008","Produit Intérieur Brut","2022","2022","%","-4.858335","X","Ciffre de sources internationales",""
"MK","Indicateurs macro","HRV","Croatie","6119","Valeur US $ par habitant","22008","Produit Intérieur Brut","2022","2022","USD","17753.268148","X","Ciffre de sources internationales",""
"MK","Indicateurs macro","HRV","Croatie","61290","Croissance annuelle US$ par habitant","22008","Produit Intérieur Brut","2022","2022","%","4.173269","X","Ciffre de sources internationales",""
"MK","Indicateurs macro","CUB","Cuba","6119","Valeur US $ par habitant","22008","Produit Intérieur Brut","2022","2022","USD","13128.020768","X","Ciffre de sources internationales",""
"MK","Indicateurs macro","CUB","Cuba","61290","Croissance annuelle US$ par habitant","22008","Produit Intérieur Brut","2022","2022","%","16.6393","X","Ciffre de sources internationales",""
"MK","Indicateurs macro","CUW","Curaçao","6119","Valeur US $ par habitant","22008","Produit Intérieur Brut","2022","2022","USD","16086.694782","X","Ciffre de sources internationales",""
"MK","Indicateurs macro","CUW","Curaçao","61290","Croissance annuelle US$ par habitant","22008","Produit Intérieur Brut","2022","2022","%","11.765061","X","Ciffre de sources internationales",""
"MK","Indicateurs macro","DNK","Danemark","6119","Valeur US $ par habitant","22008","Produit Intérieur Brut","2022","2022","USD","68029.486782","X","Ciffre de sources internationales",""
"MK","Indicateurs macro","DNK","Danemark","61290","Croissance annuelle US$ par habitant","22008","Produit Intérieur Brut","2022","2022","%","-1.830732","X","Ciffre de sources internationales",""
"MK","Indicateurs macro","DJI","Djibouti","6119","Valeur US $ par habitant","22008","Produit Intérieur Brut","2022","2022","USD","3571.817567","X","Ciffre de sources internationales",""
"MK","Indicateurs macro","DJI","Djibouti","61290","Croissance annuelle US$ par habitant","22008","Produit Intérieur Brut","2022","2022","%","6.684685","X","Ciffre de sources internationales",""
"MK","Indicateurs macro","DMA","Dominique","6119","Valeur US $ par habitant","22008","Produit Intérieur Brut","2022","2022","USD","8414.536593","X","Ciffre de sources internationales",""
"MK","Indicateurs macro","DMA","Dominique","61290","Croissance annuelle US$ par habitant","22008","Produit Intérieur Brut","2022","2022","%","9.733477","X","Ciffre de sources internationales",""
"MK","Indicateurs macro","EGY","Égypte","6119","Valeur US $ par habitant","22008","Produit Intérieur Brut","2022","2022","USD","3687.778269","X","Ciffre de sources internationales",""
"MK","Indicateurs macro","EGY","Égypte","61290","Croissance annuelle US$ par habitant","22008","Produit Intérieur Brut","2022","2022","%","-5.393546","X","Ciffre de sources internationales",""
"MK","Indicateurs macro","SLV","El Salvador","6119","Valeur US $ par habitant","22008","Produit Intérieur Brut","2022","2022","USD","5127.32093","X","Ciffre de sources internationales",""
"MK","Indicateurs macro","SLV","El Salvador","61290","Croissance annuelle US$ par habitant","22008","Produit Intérieur Brut","2022","2022","%","9.926616","X","Ciffre de sources internationales",""
"MK","Indicateurs macro","ARE","Émirats arabes unis","6119","Valeur US $ par habitant","22008","Produit Intérieur Brut","2022","2022","USD","53707.980081","X","Ciffre de sources internationales",""
"MK","Indicateurs macro","ARE","Émirats arabes unis","61290","Croissance annuelle US$ par habitant","22008","Produit Intérieur Brut","2022","2022","%","21.148534","X","Ciffre de sources internationales",""
"MK","Indicateurs macro","ECU","Équateur","6119","Valeur US $ par habitant","22008","Produit Intérieur Brut","2022","2022","USD","6391.282484","X","Ciffre de sources internationales",""
"MK","Indicateurs macro","ECU","Équateur","61290","Croissance annuelle US$ par habitant","22008","Produit Intérieur Brut","2022","2022","%","7.144008","X","Ciffre de sources internationales",""
"MK","Indicateurs macro","ERI","Érythrée","6119","Valeur US $ par habitant","22008","Produit Intérieur Brut","2022","2022","USD","646.926451","X","Ciffre de sources internationales",""
"MK","Indicateurs macro","ERI","Érythrée","61290","Croissance annuelle US$ par habitant","22008","Produit Intérieur Brut","2022","2022","%","5.882653","X","Ciffre de sources internationales",""
"MK","Indicateurs macro","ESP","Espagne","6119","Valeur US $ par habitant","22008","Produit Intérieur Brut","2022","2022","USD","29771.135983","X","Ciffre de sources internationales",""
"MK","Indicateurs macro","ESP","Espagne","61290","Croissance annuelle US$ par habitant","22008","Produit Intérieur Brut","2022","2022","%","-2.207424","X","Ciffre de sources internationales",""
"MK","Indicateurs macro","EST","Estonie","6119","Valeur US $ par habitant","22008","Produit Intérieur Brut","2022","2022","USD","28693.269639","X","Ciffre de sources internationales",""
"MK","Indicateurs macro","EST","Estonie","61290","Croissance annuelle US$ par habitant","22008","Produit Intérieur Brut","2022","2022","%","2.5103","X","Ciffre de sources internationales",""
"MK","Indicateurs macro","SWZ","Eswatini","6119","Valeur US $ par habitant","22008","Produit Intérieur Brut","2022","2022","USD","3600.636491","X","Ciffre de sources internationales",""
"MK","Indicateurs macro","SWZ","Eswatini","61290","Croissance annuelle US$ par habitant","22008","Produit Intérieur Brut","2022","2022","%","-9.495228","X","Ciffre de sources internationales",""
"MK","Indicateurs macro","USA","États-Unis d'Amérique","6119","Valeur US $ par habitant","22008","Produit Intérieur Brut","2022","2022","USD","76100.715015","X","Ciffre de sources internationales",""
"MK","Indicateurs macro","USA","États-Unis d'Amérique","61290","Croissance annuelle US$ par habitant","22008","Produit Intérieur Brut","2022","2022","%","8.696109","X","Ciffre de sources internationales",""
"MK","Indicateurs macro","ETH","Éthiopie","6119","Valeur US $ par habitant","22008","Produit Intérieur Brut","2022","2022","USD","964.273221","X","Ciffre de sources internationales",""
"MK","Indicateurs macro","ETH","Éthiopie","61290","Croissance annuelle US$ par habitant","22008","Produit Intérieur Brut","2022","2022","%","16.850141","X","Ciffre de sources internationales",""
"MK","Indicateurs macro","F62","Éthiopie RDP","6119","Valeur US $ par habitant","22008","Produit Intérieur Brut","2022","2022","","","","",""
"MK","Indicateurs macro","F62","Éthiopie RDP","61290","Croissance annuelle US$ par habitant","22008","Produit Intérieur Brut","2022","2022","","","","",""
"MK","Indicateurs macro","RUS","Fédération de Russie","6119","Valeur US $ par habitant","22008","Produit Intérieur Brut","2022","2022","USD","15481.798989","X","Ciffre de sources internationales",""
"MK","Indicateurs macro","RUS","Fédération de Russie","61290","Croissance annuelle US$ par habitant","22008","Produit Intérieur Brut","2022","2022","%","22.296417","X","Ciffre de sources internationales",""
"MK","Indicateurs macro","FJI","Fidji","6119","Valeur US $ par habitant","22008","Produit Intérieur Brut","2022","2022","USD","5356.164428","X","Ciffre de sources internationales",""
"MK","Indicateurs macro","FJI","Fidji","61290","Croissance annuelle US$ par habitant","22008","Produit Intérieur Brut","2022","2022","%","15.036645","X","Ciffre de sources internationales",""
"MK","Indicateurs macro","FIN","Finlande","6119","Valeur US $ par habitant","22008","Produit Intérieur Brut","2022","2022","USD","50988.079784","X","Ciffre de sources internationales",""
"MK","Indicateurs macro","FIN","Finlande","61290","Croissance annuelle US$ par habitant","22008","Produit Intérieur Brut","2022","2022","%","-4.888236","X","Ciffre de sources internationales",""
"MK","Indicateurs macro","FRA","France","6119","Valeur US $ par habitant","22008","Produit Intérieur Brut","2022","2022","USD","42943.861323","X","Ciffre de sources internationales",""
"MK","Indicateurs macro","FRA","France","61290","Croissance annuelle US$ par habitant","22008","Produit Intérieur Brut","2022","2022","%","-6.357007","X","Ciffre de sources internationales",""
"MK","Indicateurs macro","GAB","Gabon","6119","Valeur US $ par habitant","22008","Produit Intérieur Brut","2022","2022","USD","8427.098986","X","Ciffre de sources internationales",""
"MK","Indicateurs macro","GAB","Gabon","61290","Croissance annuelle US$ par habitant","22008","Produit Intérieur Brut","2022","2022","%","-2.411687","X","Ciffre de sources internationales",""
"MK","Indicateurs macro","GMB","Gambie","6119","Valeur US $ par habitant","22008","Produit Intérieur Brut","2022","2022","USD","824.66715","X","Ciffre de sources internationales",""
"MK","Indicateurs macro","GMB","Gambie","61290","Croissance annuelle US$ par habitant","22008","Produit Intérieur Brut","2022","2022","%","6.254108","X","Ciffre de sources internationales",""
"MK","Indicateurs macro","GEO","Géorgie","6119","Valeur US $ par habitant","22008","Produit Intérieur Brut","2022","2022","USD","6571.272835","X","Ciffre de sources internationales",""
"MK","Indicateurs macro","GEO","Géorgie","61290","Croissance annuelle US$ par habitant","22008","Produit Intérieur Brut","2022","2022","%","32.58508","X","Ciffre de sources internationales",""
"MK","Indicateurs macro","GHA","Ghana","6119","Valeur US $ par habitant","22008","Produit Intérieur Brut","2022","2022","USD","2203.558935","X","Ciffre de sources internationales",""
"MK","Indicateurs macro","GHA","Ghana","61290","Croissance annuelle US$ par habitant","22008","Produit Intérieur Brut","2022","2022","%","-9.022264","X","Ciffre de sources internationales",""
"MK","Indicateurs macro","GRC","Grèce","6119","Valeur US $ par habitant","22008","Produit Intérieur Brut","2022","2022","USD","20923.096364","X","Ciffre de sources internationales",""
"MK","Indicateurs macro","GRC","Grèce","61290","Croissance annuelle US$ par habitant","22008","Produit Intérieur Brut","2022","2022","%","1.808175","X","Ciffre de sources internationales",""
"MK","Indicateurs macro","GRD","Grenade","6119","Valeur US $ par habitant","22008","Produit Intérieur Brut","2022","2022","USD","9509.250006","X","Ciffre de sources internationales",""
"MK","Indicateurs macro","GRD","Grenade","61290","Croissance annuelle US$ par habitant","22008","Produit Intérieur Brut","2022","2022","%","5.533209","X","Ciffre de sources internationales",""
"MK","Indicateurs macro","GRL","Groenland","6119","Valeur US $ par habitant","22008","Produit Intérieur Brut","2022","2022","USD","51820.897958","X","Ciffre de sources internationales",""
"MK","Indicateurs macro","GRL","Groenland","61290","Croissance annuelle US$ par habitant","22008","Produit Intérieur Brut","2022","2022","%","-9.927863","X","Ciffre de sources internationales",""
"MK","Indicateurs macro","GTM","Guatemala","6119","Valeur US $ par habitant","22008","Produit Intérieur Brut","2022","2022","USD","5324.132661","X","Ciffre de sources internationales",""
"MK","Indicateurs macro","GTM","Guatemala","61290","Croissance annuelle US$ par habitant","22008","Produit Intérieur Brut","2022","2022","%","8.944269","X","Ciffre de sources internationales",""
"MK","Indicateurs macro","GIN","Guinée","6119","Valeur US $ par habitant","22008","Produit Intérieur Brut","2022","2022","USD","1504.133807","X","Ciffre de sources internationales",""
"MK","Indicateurs macro","GIN","Guinée","61290","Croissance annuelle US$ par habitant","22008","Produit Intérieur Brut","2022","2022","%","28.917624","X","Ciffre de sources internationales",""
"MK","Indicateurs macro","GNQ","Guinée équatoriale","6119","Valeur US $ par habitant","22008","Produit Intérieur Brut","2022","2022","USD","7025.689752","X","Ciffre de sources internationales",""
"MK","Indicateurs macro","GNQ","Guinée équatoriale","61290","Croissance annuelle US$ par habitant","22008","Produit Intérieur Brut","2022","2022","%","-6.407346","X","Ciffre de sources internationales",""
"MK","Indicateurs macro","GNB","Guinée-Bissau","6119","Valeur US $ par habitant","22008","Produit Intérieur Brut","2022","2022","USD","747.762697","X","Ciffre de sources internationales",""
"MK","Indicateurs macro","GNB","Guinée-Bissau","61290","Croissance annuelle US$ par habitant","22008","Produit Intérieur Brut","2022","2022","%","-2.719445","X","Ciffre de sources internationales",""
"MK","Indicateurs macro","GUY","Guyana","6119","Valeur US $ par habitant","22008","Produit Intérieur Brut","2022","2022","USD","18199.47484","X","Ciffre de sources internationales",""
"MK","Indicateurs macro","GUY","Guyana","61290","Croissance annuelle US$ par habitant","22008","Produit Intérieur Brut","2022","2022","%","82.092245","X","Ciffre de sources internationales",""
"MK","Indicateurs macro","HTI","Haïti","6119","Valeur US $ par habitant","22008","Produit Intérieur Brut","2022","2022","USD","1618.582427","X","Ciffre de sources internationales",""
"MK","Indicateurs macro","HTI","Haïti","61290","Croissance annuelle US$ par habitant","22008","Produit Intérieur Brut","2022","2022","%","-2.703794","X","Ciffre de sources internationales",""
"MK","Indicateurs macro","HND","Honduras","6119","Valeur US $ par habitant","22008","Produit Intérieur Brut","2022","2022","USD","3040.17308","X","Ciffre de sources internationales",""
"MK","Indicateurs macro","HND","Honduras","61290","Croissance annuelle US$ par habitant","22008","Produit Intérieur Brut","2022","2022","%","9.685329","X","Ciffre de sources internationales",""
"MK","Indicateurs macro","HUN","Hongrie","6119","Valeur US $ par habitant","22008","Produit Intérieur Brut","2022","2022","USD","17791.908977","X","Ciffre de sources internationales",""
"MK","Indicateurs macro","HUN","Hongrie","61290","Croissance annuelle US$ par habitant","22008","Produit Intérieur Brut","2022","2022","%","-5.126263","X","Ciffre de sources internationales",""
"MK","Indicateurs macro","CYM","Îles Caïmanes","6119","Valeur US $ par habitant","22008","Produit Intérieur Brut","2022","2022","USD","91420.001485","X","Ciffre de sources internationales",""
"MK","Indicateurs macro","CYM","Îles Caïmanes","61290","Croissance annuelle US$ par habitant","22008","Produit Intérieur Brut","2022","2022","%","3.327922","X","Ciffre de sources internationales",""
"MK","Indicateurs macro","COK","Îles Cook","6119","Valeur US $ par habitant","22008","Produit Intérieur Brut","2022","2022","USD","17033.07544","X","Ciffre de sources internationales",""
"MK","Indicateurs macro","COK","Îles Cook","61290","Croissance annuelle US$ par habitant","22008","Produit Intérieur Brut","2022","2022","%","17.258014","X","Ciffre de sources internationales",""
"MK","Indicateurs macro","MHL","Îles Marshall","6119","Valeur US $ par habitant","22008","Produit Intérieur Brut","2022","2022","USD","6727.799562","X","Ciffre de sources internationales",""
"MK","Indicateurs macro","MHL","Îles Marshall","61290","Croissance annuelle US$ par habitant","22008","Produit Intérieur Brut","2022","2022","%","9.002629","X","Ciffre de sources internationales",""
"MK","Indicateurs macro","SLB","Îles Salomon","6119","Valeur US $ par habitant","22008","Produit Intérieur Brut","2022","2022","USD","2205.314004","X","Ciffre de sources internationales",""
"MK","Indicateurs macro","SLB","Îles Salomon","61290","Croissance annuelle US$ par habitant","22008","Produit Intérieur Brut","2022","2022","%","-1.218377","X","Ciffre de sources internationales",""
"MK","Indicateurs macro","TCA","Îles Turques-et-Caïques","6119","Valeur US $ par habitant","22008","Produit Intérieur Brut","2022","2022","USD","24917.595803","X","Ciffre de sources internationales",""
"MK","Indicateurs macro","TCA","Îles Turques-et-Caïques","61290","Croissance annuelle US$ par habitant","22008","Produit Intérieur Brut","2022","2022","%","7.595256","X","Ciffre de sources internationales",""
"MK","Indicateurs macro","VGB","Îles Vierges britanniques","6119","Valeur US $ par habitant","22008","Produit Intérieur Brut","2022","2022","USD","46996.749944","X","Ciffre de sources internationales",""
"MK","Indicateurs macro","VGB","Îles Vierges britanniques","61290","Croissance annuelle US$ par habitant","22008","Produit Intérieur Brut","2022","2022","%","0.17234","X","Ciffre de sources internationales",""
"MK","Indicateurs macro","IND","Inde","6119","Valeur US $ par habitant","22008","Produit Intérieur Brut","2022","2022","USD","2445.390241","X","Ciffre de sources internationales",""
"MK","Indicateurs macro","IND","Inde","61290","Croissance annuelle US$ par habitant","22008","Produit Intérieur Brut","2022","2022","%","8.401363","X","Ciffre de sources internationales",""
"MK","Indicateurs macro","IDN","Indonésie","6119","Valeur US $ par habitant","22008","Produit Intérieur Brut","2022","2022","USD","4787.999308","X","Ciffre de sources internationales",""
"MK","Indicateurs macro","IDN","Indonésie","61290","Croissance annuelle US$ par habitant","22008","Produit Intérieur Brut","2022","2022","%","10.46979","X","Ciffre de sources internationales",""
"MK","Indicateurs macro","IRN","Iran (République islamique d')","6119","Valeur US $ par habitant","22008","Produit Intérieur Brut","2022","2022","USD","4495.146987","X","Ciffre de sources internationales",""
"MK","Indicateurs macro","IRN","Iran (République islamique d')","61290","Croissance annuelle US$ par habitant","22008","Produit Intérieur Brut","2022","2022","%","10.297191","X","Ciffre de sources internationales",""
"MK","Indicateurs macro","IRQ","Iraq","6119","Valeur US $ par habitant","22008","Produit Intérieur Brut","2022","2022","USD","5937.195471","X","Ciffre de sources internationales",""
"MK","Indicateurs macro","IRQ","Iraq","61290","Croissance annuelle US$ par habitant","22008","Produit Intérieur Brut","2022","2022","%","24.447712","X","Ciffre de sources internationales",""
"MK","Indicateurs macro","IRL","Irlande","6119","Valeur US $ par habitant","22008","Produit Intérieur Brut","2022","2022","USD","105993.272773","X","Ciffre de sources internationales",""
"MK","Indicateurs macro","IRL","Irlande","61290","Croissance annuelle US$ par habitant","22008","Produit Intérieur Brut","2022","2022","%","2.950267","X","Ciffre de sources internationales",""
"MK","Indicateurs macro","ISL","Islande","6119","Valeur US $ par habitant","22008","Produit Intérieur Brut","2022","2022","USD","75260.405234","X","Ciffre de sources internationales",""
"MK","Indicateurs macro","ISL","Islande","61290","Croissance annuelle US$ par habitant","22008","Produit Intérieur Brut","2022","2022","%","8.890558","X","Ciffre de sources internationales",""
"MK","Indicateurs macro","ISR","Israël","6119","Valeur US $ par habitant","22008","Produit Intérieur Brut","2022","2022","USD","58086.357487","X","Ciffre de sources internationales",""
"MK","Indicateurs macro","ISR","Israël","61290","Croissance annuelle US$ par habitant","22008","Produit Intérieur Brut","2022","2022","%","5.566971","X","Ciffre de sources internationales",""
"MK","Indicateurs macro","ITA","Italie","6119","Valeur US $ par habitant","22008","Produit Intérieur Brut","2022","2022","USD","34672.091141","X","Ciffre de sources internationales",""
"MK","Indicateurs macro","ITA","Italie","61290","Croissance annuelle US$ par habitant","22008","Produit Intérieur Brut","2022","2022","%","-4.703354","X","Ciffre de sources internationales",""
"MK","Indicateurs macro","JAM","Jamaïque","6119","Valeur US $ par habitant","22008","Produit Intérieur Brut","2022","2022","USD","6047.216553","X","Ciffre de sources internationales",""
"MK","Indicateurs macro","JAM","Jamaïque","61290","Croissance annuelle US$ par habitant","22008","Produit Intérieur Brut","2022","2022","%","16.661002","X","Ciffre de sources internationales",""
"MK","Indicateurs macro","JPN","Japon","6119","Valeur US $ par habitant","22008","Produit Intérieur Brut","2022","2022","USD","34143.736546","X","Ciffre de sources internationales",""
"MK","Indicateurs macro","JPN","Japon","61290","Croissance annuelle US$ par habitant","22008","Produit Intérieur Brut","2022","2022","%","-14.999378","X","Ciffre de sources internationales",""
"MK","Indicateurs macro","JOR","Jordanie","6119","Valeur US $ par habitant","22008","Produit Intérieur Brut","2022","2022","USD","4204.559939","X","Ciffre de sources internationales",""
"MK","Indicateurs macro","JOR","Jordanie","61290","Croissance annuelle US$ par habitant","22008","Produit Intérieur Brut","2022","2022","%","3.893666","X","Ciffre de sources internationales",""
"MK","Indicateurs macro","KAZ","Kazakhstan","6119","Valeur US $ par habitant","22008","Produit Intérieur Brut","2022","2022","USD","11624.721733","X","Ciffre de sources internationales",""
"MK","Indicateurs macro","KAZ","Kazakhstan","61290","Croissance annuelle US$ par habitant","22008","Produit Intérieur Brut","2022","2022","%","13.21141","X","Ciffre de sources internationales",""
"MK","Indicateurs macro","KEN","Kenya","6119","Valeur US $ par habitant","22008","Produit Intérieur Brut","2022","2022","USD","2099.298568","X","Ciffre de sources internationales",""
"MK","Indicateurs macro","KEN","Kenya","61290","Croissance annuelle US$ par habitant","22008","Produit Intérieur Brut","2022","2022","%","1.431994","X","Ciffre de sources internationales",""
"MK","Indicateurs macro","KGZ","Kirghizistan","6119","Valeur US $ par habitant","22008","Produit Intérieur Brut","2022","2022","USD","1648.509557","X","Ciffre de sources internationales",""
"MK","Indicateurs macro","KGZ","Kirghizistan","61290","Croissance annuelle US$ par habitant","22008","Produit Intérieur Brut","2022","2022","%","23.114499","X","Ciffre de sources internationales",""
"MK","Indicateurs macro","KIR","Kiribati","6119","Valeur US $ par habitant","22008","Produit Intérieur Brut","2022","2022","USD","1704.394791","X","Ciffre de sources internationales",""
"MK","Indicateurs macro","KIR","Kiribati","61290","Croissance annuelle US$ par habitant","22008","Produit Intérieur Brut","2022","2022","%","-3.430139","X","Ciffre de sources internationales",""
"MK","Indicateurs macro","KWT","Koweït","6119","Valeur US $ par habitant","22008","Produit Intérieur Brut","2022","2022","USD","41079.483209","X","Ciffre de sources internationales",""
"MK","Indicateurs macro","KWT","Koweït","61290","Croissance annuelle US$ par habitant","22008","Produit Intérieur Brut","2022","2022","%","27.084262","X","Ciffre de sources internationales",""
"MK","Indicateurs macro","LSO","Lesotho","6119","Valeur US $ par habitant","22008","Produit Intérieur Brut","2022","2022","USD","991.99579","X","Ciffre de sources internationales",""
"MK","Indicateurs macro","LSO","Lesotho","61290","Croissance annuelle US$ par habitant","22008","Produit Intérieur Brut","2022","2022","%","-5.965969","X","Ciffre de sources internationales",""
"MK","Indicateurs macro","LVA","Lettonie","6119","Valeur US $ par habitant","22008","Produit Intérieur Brut","2022","2022","USD","22087.592701","X","Ciffre de sources internationales",""
"MK","Indicateurs macro","LVA","Lettonie","61290","Croissance annuelle US$ par habitant","22008","Produit Intérieur Brut","2022","2022","%","4.936813","X","Ciffre de sources internationales",""
"MK","Indicateurs macro","LBN","Liban","6119","Valeur US $ par habitant","22008","Produit Intérieur Brut","2022","2022","USD","7159.368926","X","Ciffre de sources internationales",""
"MK","Indicateurs macro","LBN","Liban","61290","Croissance annuelle US$ par habitant","22008","Produit Intérieur Brut","2022","2022","%","9.047588","X","Ciffre de sources internationales",""
"MK","Indicateurs macro","LBR","Libéria","6119","Valeur US $ par habitant","22008","Produit Intérieur Brut","2022","2022","USD","615.764237","X","Ciffre de sources internationales",""
"MK","Indicateurs macro","LBR","Libéria","61290","Croissance annuelle US$ par habitant","22008","Produit Intérieur Brut","2022","2022","%","11.67293","X","Ciffre de sources internationales",""
"MK","Indicateurs macro","LBY","Libye","6119","Valeur US $ par habitant","22008","Produit Intérieur Brut","2022","2022","USD","5950.546192","X","Ciffre de sources internationales",""
"MK","Indicateurs macro","LBY","Libye","61290","Croissance annuelle US$ par habitant","22008","Produit Intérieur Brut","2022","2022","%","2.750547","X","Ciffre de sources internationales",""
"MK","Indicateurs macro","LIE","Liechtenstein","6119","Valeur US $ par habitant","22008","Produit Intérieur Brut","2022","2022","USD","197267.662395","X","Ciffre de sources internationales",""
"MK","Indicateurs macro","LIE","Liechtenstein","61290","Croissance annuelle US$ par habitant","22008","Produit Intérieur Brut","2022","2022","%","-0.119959","X","Ciffre de sources internationales",""
"MK","Indicateurs macro","LTU","Lituanie","6119","Valeur US $ par habitant","22008","Produit Intérieur Brut","2022","2022","USD","25773.329783","X","Ciffre de sources internationales",""
"MK","Indicateurs macro","LTU","Lituanie","61290","Croissance annuelle US$ par habitant","22008","Produit Intérieur Brut","2022","2022","%","7.518595","X","Ciffre de sources internationales",""
"MK","Indicateurs macro","LUX","Luxembourg","6119","Valeur US $ par habitant","22008","Produit Intérieur Brut","2022","2022","USD","125897.199853","X","Ciffre de sources internationales",""
"MK","Indicateurs macro","LUX","Luxembourg","61290","Croissance annuelle US$ par habitant","22008","Produit Intérieur Brut","2022","2022","%","-5.953655","X","Ciffre de sources internationales",""
"MK","Indicateurs macro","MKD","Macédoine du Nord","6119","Valeur US $ par habitant","22008","Produit Intérieur Brut","2022","2022","USD","6549.230346","X","Ciffre de sources internationales",""
"MK","Indicateurs macro","MKD","Macédoine du Nord","61290","Croissance annuelle US$ par habitant","22008","Produit Intérieur Brut","2022","2022","%","-1.607698","X","Ciffre de sources internationales",""
"MK","Indicateurs macro","MDG","Madagascar","6119","Valeur US $ par habitant","22008","Produit Intérieur Brut","2022","2022","USD","505.035528","X","Ciffre de sources internationales",""
"MK","Indicateurs macro","MDG","Madagascar","61290","Croissance annuelle US$ par habitant","22008","Produit Intérieur Brut","2022","2022","%","0.334447","X","Ciffre de sources internationales",""
"MK","Indicateurs macro","MYS","Malaisie","6119","Valeur US $ par habitant","22008","Produit Intérieur Brut","2022","2022","USD","11971.924961","X","Ciffre de sources internationales",""
"MK","Indicateurs macro","MYS","Malaisie","61290","Croissance annuelle US$ par habitant","22008","Produit Intérieur Brut","2022","2022","%","7.765198","X","Ciffre de sources internationales",""
"MK","Indicateurs macro","MWI","Malawi","6119","Valeur US $ par habitant","22008","Produit Intérieur Brut","2022","2022","USD","615.464514","X","Ciffre de sources internationales",""
"MK","Indicateurs macro","MWI","Malawi","61290","Croissance annuelle US$ par habitant","22008","Produit Intérieur Brut","2022","2022","%","-2.10436","X","Ciffre de sources internationales",""
"MK","Indicateurs macro","MDV","Maldives","6119","Valeur US $ par habitant","22008","Produit Intérieur Brut","2022","2022","USD","11780.81691","X","Ciffre de sources internationales",""
"MK","Indicateurs macro","MDV","Maldives","61290","Croissance annuelle US$ par habitant","22008","Produit Intérieur Brut","2022","2022","%","16.915898","X","Ciffre de sources internationales",""
"MK","Indicateurs macro","MLI","Mali","6119","Valeur US $ par habitant","22008","Produit Intérieur Brut","2022","2022","USD","833.297255","X","Ciffre de sources internationales",""
"MK","Indicateurs macro","MLI","Mali","61290","Croissance annuelle US$ par habitant","22008","Produit Intérieur Brut","2022","2022","%","-5.469346","X","Ciffre de sources internationales",""
"MK","Indicateurs macro","MLT","Malte","6119","Valeur US $ par habitant","22008","Produit Intérieur Brut","2022","2022","USD","33942.343846","X","Ciffre de sources internationales",""
"MK","Indicateurs macro","MLT","Malte","61290","Croissance annuelle US$ par habitant","22008","Produit Intérieur Brut","2022","2022","%","-1.15061","X","Ciffre de sources internationales",""
"MK","Indicateurs macro","MAR","Maroc","6119","Valeur US $ par habitant","22008","Produit Intérieur Brut","2022","2022","USD","3494.918497","X","Ciffre de sources internationales",""
"MK","Indicateurs macro","MAR","Maroc","61290","Croissance annuelle US$ par habitant","22008","Produit Intérieur Brut","2022","2022","%","-8.629494","X","Ciffre de sources internationales",""
"MK","Indicateurs macro","MUS","Maurice","6119","Valeur US $ par habitant","22008","Produit Intérieur Brut","2022","2022","USD","9925.829003","X","Ciffre de sources internationales",""
"MK","Indicateurs macro","MUS","Maurice","61290","Croissance annuelle US$ par habitant","22008","Produit Intérieur Brut","2022","2022","%","12.341591","X","Ciffre de sources internationales",""
"MK","Indicateurs macro","MRT","Mauritanie","6119","Valeur US $ par habitant","22008","Produit Intérieur Brut","2022","2022","USD","2321.969142","X","Ciffre de sources internationales",""
"MK","Indicateurs macro","MRT","Mauritanie","61290","Croissance annuelle US$ par habitant","22008","Produit Intérieur Brut","2022","2022","%","7.198574","X","Ciffre de sources internationales",""
"MK","Indicateurs macro","MEX","Mexique","6119","Valeur US $ par habitant","22008","Produit Intérieur Brut","2022","2022","USD","11476.678806","X","Ciffre de sources internationales",""
"MK","Indicateurs macro","MEX","Mexique","61290","Croissance annuelle US$ par habitant","22008","Produit Intérieur Brut","2022","2022","%","10.744625","X","Ciffre de sources internationales",""
"MK","Indicateurs macro","FSM","Micronésie (États fédérés de)","6119","Valeur US $ par habitant","22008","Produit Intérieur Brut","2022","2022","USD","3741.057768","X","Ciffre de sources internationales",""
"MK","Indicateurs macro","FSM","Micronésie (États fédérés de)","61290","Croissance annuelle US$ par habitant","22008","Produit Intérieur Brut","2022","2022","%","4.75231","X","Ciffre de sources internationales",""
"MK","Indicateurs macro","MCO","Monaco","6119","Valeur US $ par habitant","22008","Produit Intérieur Brut","2022","2022","USD","240535.043309","X","Ciffre de sources internationales",""
"MK","Indicateurs macro","MCO","Monaco","61290","Croissance annuelle US$ par habitant","22008","Produit Intérieur Brut","2022","2022","%","2.297552","X","Ciffre de sources internationales",""
"MK","Indicateurs macro","MNG","Mongolie","6119","Valeur US $ par habitant","22008","Produit Intérieur Brut","2022","2022","USD","5045.504722","X","Ciffre de sources internationales",""
"MK","Indicateurs macro","MNG","Mongolie","61290","Croissance annuelle US$ par habitant","22008","Produit Intérieur Brut","2022","2022","%","10.498245","X","Ciffre de sources internationales",""
"MK","Indicateurs macro","MNE","Monténégro","6119","Valeur US $ par habitant","22008","Produit Intérieur Brut","2022","2022","USD","9934.593297","X","Ciffre de sources internationales",""
"MK","Indicateurs macro","MNE","Monténégro","61290","Croissance annuelle US$ par habitant","22008","Produit Intérieur Brut","2022","2022","%","6.431208","X","Ciffre de sources internationales",""
"MK","Indicateurs macro","MSR","Montserrat","6119","Valeur US $ par habitant","22008","Produit Intérieur Brut","2022","2022","USD","16460.811609","X","Ciffre de sources internationales",""
"MK","Indicateurs macro","MSR","Montserrat","61290","Croissance annuelle US$ par habitant","22008","Produit Intérieur Brut","2022","2022","%","3.066096","X","Ciffre de sources internationales",""
"MK","Indicateurs macro","MOZ","Mozambique","6119","Valeur US $ par habitant","22008","Produit Intérieur Brut","2022","2022","USD","558.298604","X","Ciffre de sources internationales",""
"MK","Indicateurs macro","MOZ","Mozambique","61290","Croissance annuelle US$ par habitant","22008","Produit Intérieur Brut","2022","2022","%","10.765227","X","Ciffre de sources internationales",""
"MK","Indicateurs macro","MMR","Myanmar","6119","Valeur US $ par habitant","22008","Produit Intérieur Brut","2022","2022","USD","1203.63022","X","Ciffre de sources internationales",""
"MK","Indicateurs macro","MMR","Myanmar","61290","Croissance annuelle US$ par habitant","22008","Produit Intérieur Brut","2022","2022","%","-9.667589","X","Ciffre de sources internationales",""
"MK","Indicateurs macro","NAM","Namibie","6119","Valeur US $ par habitant","22008","Produit Intérieur Brut","2022","2022","USD","4911.32765","X","Ciffre de sources internationales",""
"MK","Indicateurs macro","NAM","Namibie","61290","Croissance annuelle US$ par habitant","22008","Produit Intérieur Brut","2022","2022","%","-0.159809","X","Ciffre de sources internationales",""
"MK","Indicateurs macro","NRU","Nauru","6119","Valeur US $ par habitant","22008","Produit Intérieur Brut","2022","2022","USD","11679.20902","X","Ciffre de sources internationales",""
"MK","Indicateurs macro","NRU","Nauru","61290","Croissance annuelle US$ par habitant","22008","Produit Intérieur Brut","2022","2022","%","-5.739628","X","Ciffre de sources internationales",""
"MK","Indicateurs macro","NPL","Népal","6119","Valeur US $ par habitant","22008","Produit Intérieur Brut","2022","2022","USD","1290.010301","X","Ciffre de sources internationales",""
"MK","Indicateurs macro","NPL","Népal","61290","Croissance annuelle US$ par habitant","22008","Produit Intérieur Brut","2022","2022","%","5.160361","X","Ciffre de sources internationales",""
"MK","Indicateurs macro","NIC","Nicaragua","6119","Valeur US $ par habitant","22008","Produit Intérieur Brut","2022","2022","USD","2255.423693","X","Ciffre de sources internationales",""
"MK","Indicateurs macro","NIC","Nicaragua","61290","Croissance annuelle US$ par habitant","22008","Produit Intérieur Brut","2022","2022","%","9.225497","X","Ciffre de sources internationales",""
"MK","Indicateurs macro","NER","Niger","6119","Valeur US $ par habitant","22008","Produit Intérieur Brut","2022","2022","USD","588.168292","X","Ciffre de sources internationales",""
"MK","Indicateurs macro","NER","Niger","61290","Croissance annuelle US$ par habitant","22008","Produit Intérieur Brut","2022","2022","%","-0.416706","X","Ciffre de sources internationales",""
"MK","Indicateurs macro","NGA","Nigéria","6119","Valeur US $ par habitant","22008","Produit Intérieur Brut","2022","2022","USD","2173.77085","X","Ciffre de sources internationales",""
"MK","Indicateurs macro","NGA","Nigéria","61290","Croissance annuelle US$ par habitant","22008","Produit Intérieur Brut","2022","2022","%","7.648988","X","Ciffre de sources internationales",""
"MK","Indicateurs macro","NOR","Norvège","6119","Valeur US $ par habitant","22008","Produit Intérieur Brut","2022","2022","USD","106622.826063","X","Ciffre de sources internationales",""
"MK","Indicateurs macro","NOR","Norvège","61290","Croissance annuelle US$ par habitant","22008","Produit Intérieur Brut","2022","2022","%","17.498096","X","Ciffre de sources internationales",""
"MK","Indicateurs macro","NCL","Nouvelle-Calédonie","6119","Valeur US $ par habitant","22008","Produit Intérieur Brut","2022","2022","USD","33189.579925","X","Ciffre de sources internationales",""
"MK","Indicateurs macro","NCL","Nouvelle-Calédonie","61290","Croissance annuelle US$ par habitant","22008","Produit Intérieur Brut","2022","2022","%","-5.157091","X","Ciffre de sources internationales",""
"MK","Indicateurs macro","NZL","Nouvelle-Zélande","6119","Valeur US $ par habitant","22008","Produit Intérieur Brut","2022","2022","USD","47412.068611","X","Ciffre de sources internationales",""
"MK","Indicateurs macro","NZL","Nouvelle-Zélande","61290","Croissance annuelle US$ par habitant","22008","Produit Intérieur Brut","2022","2022","%","-3.955536","X","Ciffre de sources internationales",""
"MK","Indicateurs macro","OMN","Oman","6119","Valeur US $ par habitant","22008","Produit Intérieur Brut","2022","2022","USD","25056.692532","X","Ciffre de sources internationales",""
"MK","Indicateurs macro","OMN","Oman","61290","Croissance annuelle US$ par habitant","22008","Produit Intérieur Brut","2022","2022","%","28.433509","X","Ciffre de sources internationales",""
"MK","Indicateurs macro","UGA","Ouganda","6119","Valeur US $ par habitant","22008","Produit Intérieur Brut","2022","2022","USD","1021.035159","X","Ciffre de sources internationales",""
"MK","Indicateurs macro","UGA","Ouganda","61290","Croissance annuelle US$ par habitant","22008","Produit Intérieur Brut","2022","2022","%","9.826033","X","Ciffre de sources internationales",""
"MK","Indicateurs macro","UZB","Ouzbékistan","6119","Valeur US $ par habitant","22008","Produit Intérieur Brut","2022","2022","USD","2321.608639","X","Ciffre de sources internationales",""
"MK","Indicateurs macro","UZB","Ouzbékistan","61290","Croissance annuelle US$ par habitant","22008","Produit Intérieur Brut","2022","2022","%","13.682603","X","Ciffre de sources internationales",""
"MK","Indicateurs macro","PAK","Pakistan","6119","Valeur US $ par habitant","22008","Produit Intérieur Brut","2022","2022","USD","1385.759878","X","Ciffre de sources internationales",""
"MK","Indicateurs macro","PAK","Pakistan","61290","Croissance annuelle US$ par habitant","22008","Produit Intérieur Brut","2022","2022","%","-6.37458","X","Ciffre de sources internationales",""
"MK","Indicateurs macro","PLW","Palaos","6119","Valeur US $ par habitant","22008","Produit Intérieur Brut","2022","2022","USD","12498.469842","X","Ciffre de sources internationales",""
"MK","Indicateurs macro","PLW","Palaos","61290","Croissance annuelle US$ par habitant","22008","Produit Intérieur Brut","2022","2022","%","3.428808","X","Ciffre de sources internationales",""
"MK","Indicateurs macro","PSE","Palestine","6119","Valeur US $ par habitant","22008","Produit Intérieur Brut","2022","2022","USD","3640.31198","X","Ciffre de sources internationales",""
"MK","Indicateurs macro","PSE","Palestine","61290","Croissance annuelle US$ par habitant","22008","Produit Intérieur Brut","2022","2022","%","3.192602","X","Ciffre de sources internationales",""
"MK","Indicateurs macro","PAN","Panama","6119","Valeur US $ par habitant","22008","Produit Intérieur Brut","2022","2022","USD","17357.628629","X","Ciffre de sources internationales",""
"MK","Indicateurs macro","PAN","Panama","61290","Croissance annuelle US$ par habitant","22008","Produit Intérieur Brut","2022","2022","%","12.047665","X","Ciffre de sources internationales",""
"MK","Indicateurs macro","PNG","Papouasie-Nouvelle-Guinée","6119","Valeur US $ par habitant","22008","Produit Intérieur Brut","2022","2022","USD","3116.504891","X","Ciffre de sources internationales",""
"MK","Indicateurs macro","PNG","Papouasie-Nouvelle-Guinée","61290","Croissance annuelle US$ par habitant","22008","Produit Intérieur Brut","2022","2022","%","18.741901","X","Ciffre de sources internationales",""
"MK","Indicateurs macro","PRY","Paraguay","6119","Valeur US $ par habitant","22008","Produit Intérieur Brut","2022","2022","USD","6153.055677","X","Ciffre de sources internationales",""
"MK","Indicateurs macro","PRY","Paraguay","61290","Croissance annuelle US$ par habitant","22008","Produit Intérieur Brut","2022","2022","%","3.248859","X","Ciffre de sources internationales",""
"MK","Indicateurs macro","NLD","Pays-Bas (Royaume des)","6119","Valeur US $ par habitant","22008","Produit Intérieur Brut","2022","2022","USD","57391.6356","X","Ciffre de sources internationales",""
"MK","Indicateurs macro","NLD","Pays-Bas (Royaume des)","61290","Croissance annuelle US$ par habitant","22008","Produit Intérieur Brut","2022","2022","%","-2.450026","X","Ciffre de sources internationales",""
"MK","Indicateurs macro","PER","Pérou","6119","Valeur US $ par habitant","22008","Produit Intérieur Brut","2022","2022","USD","7125.829235","X","Ciffre de sources internationales",""
"MK","Indicateurs macro","PER","Pérou","61290","Croissance annuelle US$ par habitant","22008","Produit Intérieur Brut","2022","2022","%","7.390068","X","Ciffre de sources internationales",""
"MK","Indicateurs macro","PHL","Philippines","6119","Valeur US $ par habitant","22008","Produit Intérieur Brut","2022","2022","USD","3498.509816","X","Ciffre de sources internationales",""
"MK","Indicateurs macro","PHL","Philippines","61290","Croissance annuelle US$ par habitant","22008","Produit Intérieur Brut","2022","2022","%","1.097239","X","Ciffre de sources internationales",""
"MK","Indicateurs macro","POL","Pologne","6119","Valeur US $ par habitant","22008","Produit Intérieur Brut","2022","2022","USD","17264.784282","X","Ciffre de sources internationales",""
"MK","Indicateurs macro","POL","Pologne","61290","Croissance annuelle US$ par habitant","22008","Produit Intérieur Brut","2022","2022","%","-2.931185","X","Ciffre de sources internationales",""
"MK","Indicateurs macro","PYF","Polynésie française","6119","Valeur US $ par habitant","22008","Produit Intérieur Brut","2022","2022","USD","18984.851059","X","Ciffre de sources internationales",""
"MK","Indicateurs macro","PYF","Polynésie française","61290","Croissance annuelle US$ par habitant","22008","Produit Intérieur Brut","2022","2022","%","-6.156082","X","Ciffre de sources internationales",""
"MK","Indicateurs macro","PRI","Porto Rico","6119","Valeur US $ par habitant","22008","Produit Intérieur Brut","2022","2022","USD","34877.184805","X","Ciffre de sources internationales",""
"MK","Indicateurs macro","PRI","Porto Rico","61290","Croissance annuelle US$ par habitant","22008","Produit Intérieur Brut","2022","2022","%","6.761553","X","Ciffre de sources internationales",""
"MK","Indicateurs macro","PRT","Portugal","6119","Valeur US $ par habitant","22008","Produit Intérieur Brut","2022","2022","USD","24812.903928","X","Ciffre de sources internationales",""
"MK","Indicateurs macro","PRT","Portugal","61290","Croissance annuelle US$ par habitant","22008","Produit Intérieur Brut","2022","2022","%","-0.081204","X","Ciffre de sources internationales",""
"MK","Indicateurs macro","QAT","Qatar","6119","Valeur US $ par habitant","22008","Produit Intérieur Brut","2022","2022","USD","87974.166043","X","Ciffre de sources internationales",""
"MK","Indicateurs macro","QAT","Qatar","61290","Croissance annuelle US$ par habitant","22008","Produit Intérieur Brut","2022","2022","%","31.582144","X","Ciffre de sources internationales",""
"MK","Indicateurs macro","SYR","République arabe syrienne","6119","Valeur US $ par habitant","22008","Produit Intérieur Brut","2022","2022","USD","840.478438","X","Ciffre de sources internationales",""
"MK","Indicateurs macro","SYR","République arabe syrienne","61290","Croissance annuelle US$ par habitant","22008","Produit Intérieur Brut","2022","2022","%","51.159104","X","Ciffre de sources internationales",""
"MK","Indicateurs macro","CAF","République centrafricaine","6119","Valeur US $ par habitant","22008","Produit Intérieur Brut","2022","2022","USD","429.395861","X","Ciffre de sources internationales",""
"MK","Indicateurs macro","CAF","République centrafricaine","61290","Croissance annuelle US$ par habitant","22008","Produit Intérieur Brut","2022","2022","%","-6.909074","X","Ciffre de sources internationales",""
"MK","Indicateurs macro","KOR","République de Corée","6119","Valeur US $ par habitant","22008","Produit Intérieur Brut","2022","2022","USD","32305.130659","X","Ciffre de sources internationales",""
"MK","Indicateurs macro","KOR","République de Corée","61290","Croissance annuelle US$ par habitant","22008","Produit Intérieur Brut","2022","2022","%","-7.921811","X","Ciffre de sources internationales",""
"MK","Indicateurs macro","MDA","République de Moldova","6119","Valeur US $ par habitant","22008","Produit Intérieur Brut","2022","2022","USD","4433.397099","X","Ciffre de sources internationales",""
"MK","Indicateurs macro","MDA","République de Moldova","61290","Croissance annuelle US$ par habitant","22008","Produit Intérieur Brut","2022","2022","%","-0.86911","X","Ciffre de sources internationales",""
"MK","Indicateurs macro","COD","République démocratique du Congo","6119","Valeur US $ par habitant","22008","Produit Intérieur Brut","2022","2022","USD","631.770922","X","Ciffre de sources internationales",""
"MK","Indicateurs macro","COD","République démocratique du Congo","61290","Croissance annuelle US$ par habitant","22008","Produit Intérieur Brut","2022","2022","%","14.632565","X","Ciffre de sources internationales",""
"MK","Indicateurs macro","LAO","République démocratique populaire lao","6119","Valeur US $ par habitant","22008","Produit Intérieur Brut","2022","2022","USD","2040.341675","X","Ciffre de sources internationales",""
"MK","Indicateurs macro","LAO","République démocratique populaire lao","61290","Croissance annuelle US$ par habitant","22008","Produit Intérieur Brut","2022","2022","%","-20.576023","X","Ciffre de sources internationales",""
"MK","Indicateurs macro","DOM","République dominicaine","6119","Valeur US $ par habitant","22008","Produit Intérieur Brut","2022","2022","USD","10111.247239","X","Ciffre de sources internationales",""
"MK","Indicateurs macro","DOM","République dominicaine","61290","Croissance annuelle US$ par habitant","22008","Produit Intérieur Brut","2022","2022","%","19.282125","X","Ciffre de sources internationales",""
"MK","Indicateurs macro","PRK","République populaire démocratique de Corée","6119","Valeur US $ par habitant","22008","Produit Intérieur Brut","2022","2022","USD","582.143252","X","Ciffre de sources internationales",""
"MK","Indicateurs macro","PRK","République populaire démocratique de Corée","61290","Croissance annuelle US$ par habitant","22008","Produit Intérieur Brut","2022","2022","%","-9.737535","X","Ciffre de sources internationales",""
"MK","Indicateurs macro","TZA","République-Unie de Tanzanie","6119","Valeur US $ par habitant","22008","Produit Intérieur Brut","2022","2022","USD","1158.765168","X","Ciffre de sources internationales",""
"MK","Indicateurs macro","TZA","République-Unie de Tanzanie","61290","Croissance annuelle US$ par habitant","22008","Produit Intérieur Brut","2022","2022","%","5.081633","X","Ciffre de sources internationales",""
"MK","Indicateurs macro","F248","RFS de Yougoslavie","6119","Valeur US $ par habitant","22008","Produit Intérieur Brut","2022","2022","","","","",""
"MK","Indicateurs macro","F248","RFS de Yougoslavie","61290","Croissance annuelle US$ par habitant","22008","Produit Intérieur Brut","2022","2022","","","","",""
"MK","Indicateurs macro","ROU","Roumanie","6119","Valeur US $ par habitant","22008","Produit Intérieur Brut","2022","2022","USD","15295.103477","X","Ciffre de sources internationales",""
"MK","Indicateurs macro","ROU","Roumanie","61290","Croissance annuelle US$ par habitant","22008","Produit Intérieur Brut","2022","2022","%","3.436548","X","Ciffre de sources internationales",""
"MK","Indicateurs macro","GBR","Royaume-Uni de Grande-Bretagne et d'Irlande du Nord","6119","Valeur US $ par habitant","22008","Produit Intérieur Brut","2022","2022","USD","45757.982653","X","Ciffre de sources internationales",""
"MK","Indicateurs macro","GBR","Royaume-Uni de Grande-Bretagne et d'Irlande du Nord","61290","Croissance annuelle US$ par habitant","22008","Produit Intérieur Brut","2022","2022","%","-2.001001","X","Ciffre de sources internationales",""
"MK","Indicateurs macro","RWA","Rwanda","6119","Valeur US $ par habitant","22008","Produit Intérieur Brut","2022","2022","USD","966.307032","X","Ciffre de sources internationales",""
"MK","Indicateurs macro","RWA","Rwanda","61290","Croissance annuelle US$ par habitant","22008","Produit Intérieur Brut","2022","2022","%","17.510461","X","Ciffre de sources internationales",""
"MK","Indicateurs macro","LCA","Sainte-Lucie","6119","Valeur US $ par habitant","22008","Produit Intérieur Brut","2022","2022","USD","12038.423735","X","Ciffre de sources internationales",""
"MK","Indicateurs macro","LCA","Sainte-Lucie","61290","Croissance annuelle US$ par habitant","22008","Produit Intérieur Brut","2022","2022","%","21.960152","X","Ciffre de sources internationales",""
"MK","Indicateurs macro","KNA","Saint-Kitts-et-Nevis","6119","Valeur US $ par habitant","22008","Produit Intérieur Brut","2022","2022","USD","20547.21276","X","Ciffre de sources internationales",""
"MK","Indicateurs macro","KNA","Saint-Kitts-et-Nevis","61290","Croissance annuelle US$ par habitant","22008","Produit Intérieur Brut","2022","2022","%","13.629194","X","Ciffre de sources internationales",""
"MK","Indicateurs macro","SMR","Saint-Marin","6119","Valeur US $ par habitant","22008","Produit Intérieur Brut","2022","2022","USD","52903.083353","X","Ciffre de sources internationales",""
"MK","Indicateurs macro","SMR","Saint-Marin","61290","Croissance annuelle US$ par habitant","22008","Produit Intérieur Brut","2022","2022","%","-3.782544","X","Ciffre de sources internationales",""
"MK","Indicateurs macro","VCT","Saint-Vincent-et-les Grenadines","6119","Valeur US $ par habitant","22008","Produit Intérieur Brut","2022","2022","USD","9107.447613","X","Ciffre de sources internationales",""
"MK","Indicateurs macro","VCT","Saint-Vincent-et-les Grenadines","61290","Croissance annuelle US$ par habitant","22008","Produit Intérieur Brut","2022","2022","%","8.939461","X","Ciffre de sources internationales",""
"MK","Indicateurs macro","WSM","Samoa","6119","Valeur US $ par habitant","22008","Produit Intérieur Brut","2022","2022","USD","3854.888088","X","Ciffre de sources internationales",""
"MK","Indicateurs macro","WSM","Samoa","61290","Croissance annuelle US$ par habitant","22008","Produit Intérieur Brut","2022","2022","%","-1.627384","X","Ciffre de sources internationales",""
"MK","Indicateurs macro","STP","Sao Tomé-et-Principe","6119","Valeur US $ par habitant","22008","Produit Intérieur Brut","2022","2022","USD","2404.615356","X","Ciffre de sources internationales",""
"MK","Indicateurs macro","STP","Sao Tomé-et-Principe","61290","Croissance annuelle US$ par habitant","22008","Produit Intérieur Brut","2022","2022","%","1.542786","X","Ciffre de sources internationales",""
"MK","Indicateurs macro","SEN","Sénégal","6119","Valeur US $ par habitant","22008","Produit Intérieur Brut","2022","2022","USD","1604.018417","X","Ciffre de sources internationales",""
"MK","Indicateurs macro","SEN","Sénégal","61290","Croissance annuelle US$ par habitant","22008","Produit Intérieur Brut","2022","2022","%","-1.808425","X","Ciffre de sources internationales",""
"MK","Indicateurs macro","SRB","Serbie","6119","Valeur US $ par habitant","22008","Produit Intérieur Brut","2022","2022","USD","8802.132109","X","Ciffre de sources internationales",""
"MK","Indicateurs macro","SRB","Serbie","61290","Croissance annuelle US$ par habitant","22008","Produit Intérieur Brut","2022","2022","%","1.815261","X","Ciffre de sources internationales",""
"MK","Indicateurs macro","SYC","Seychelles","6119","Valeur US $ par habitant","22008","Produit Intérieur Brut","2022","2022","USD","18622.865471","X","Ciffre de sources internationales",""
"MK","Indicateurs macro","SYC","Seychelles","61290","Croissance annuelle US$ par habitant","22008","Produit Intérieur Brut","2022","2022","%","32.362525","X","Ciffre de sources internationales",""
"MK","Indicateurs macro","SLE","Sierra Leone","6119","Valeur US $ par habitant","22008","Produit Intérieur Brut","2022","2022","USD","404.541802","X","Ciffre de sources internationales",""
"MK","Indicateurs macro","SLE","Sierra Leone","61290","Croissance annuelle US$ par habitant","22008","Produit Intérieur Brut","2022","2022","%","-19.832586","X","Ciffre de sources internationales",""
"MK","Indicateurs macro","SGP","Singapour","6119","Valeur US $ par habitant","22008","Produit Intérieur Brut","2022","2022","USD","78114.621547","X","Ciffre de sources internationales",""
"MK","Indicateurs macro","SGP","Singapour","61290","Croissance annuelle US$ par habitant","22008","Produit Intérieur Brut","2022","2022","%","9.50616","X","Ciffre de sources internationales",""
"MK","Indicateurs macro","SXM","Sint Maarten (partie néerlandaise)","6119","Valeur US $ par habitant","22008","Produit Intérieur Brut","2022","2022","USD","35607.490523","X","Ciffre de sources internationales",""
"MK","Indicateurs macro","SXM","Sint Maarten (partie néerlandaise)","61290","Croissance annuelle US$ par habitant","22008","Produit Intérieur Brut","2022","2022","%","13.258943","X","Ciffre de sources internationales",""
"MK","Indicateurs macro","SVK","Slovaquie","6119","Valeur US $ par habitant","22008","Produit Intérieur Brut","2022","2022","USD","20431.61546","X","Ciffre de sources internationales",""
"MK","Indicateurs macro","SVK","Slovaquie","61290","Croissance annuelle US$ par habitant","22008","Produit Intérieur Brut","2022","2022","%","-6.133396","X","Ciffre de sources internationales",""
"MK","Indicateurs macro","SVN","Slovénie","6119","Valeur US $ par habitant","22008","Produit Intérieur Brut","2022","2022","USD","28295.422508","X","Ciffre de sources internationales",""
"MK","Indicateurs macro","SVN","Slovénie","61290","Croissance annuelle US$ par habitant","22008","Produit Intérieur Brut","2022","2022","%","-3.012347","X","Ciffre de sources internationales",""
"MK","Indicateurs macro","SOM","Somalie","6119","Valeur US $ par habitant","22008","Produit Intérieur Brut","2022","2022","USD","592.129194","X","Ciffre de sources internationales",""
"MK","Indicateurs macro","SOM","Somalie","61290","Croissance annuelle US$ par habitant","22008","Produit Intérieur Brut","2022","2022","%","2.703818","X","Ciffre de sources internationales",""
"MK","Indicateurs macro","SDN","Soudan","6119","Valeur US $ par habitant","22008","Produit Intérieur Brut","2022","2022","USD","783.574675","X","Ciffre de sources internationales",""
"MK","Indicateurs macro","SDN","Soudan","61290","Croissance annuelle US$ par habitant","22008","Produit Intérieur Brut","2022","2022","%","1.655668","X","Ciffre de sources internationales",""
"MK","Indicateurs macro","F206","Soudan (ex)","6119","Valeur US $ par habitant","22008","Produit Intérieur Brut","2022","2022","","","","",""
"MK","Indicateurs macro","F206","Soudan (ex)","61290","Croissance annuelle US$ par habitant","22008","Produit Intérieur Brut","2022","2022","","","","",""
"MK","Indicateurs macro","SSD","Soudan du Sud","6119","Valeur US $ par habitant","22008","Produit Intérieur Brut","2022","2022","USD","422.98004","X","Ciffre de sources internationales",""
"MK","Indicateurs macro","SSD","Soudan du Sud","61290","Croissance annuelle US$ par habitant","22008","Produit Intérieur Brut","2022","2022","%","5.925642","X","Ciffre de sources internationales",""
"MK","Indicateurs macro","LKA","Sri Lanka","6119","Valeur US $ par habitant","22008","Produit Intérieur Brut","2022","2022","USD","3489.676379","X","Ciffre de sources internationales",""
"MK","Indicateurs macro","LKA","Sri Lanka","61290","Croissance annuelle US$ par habitant","22008","Produit Intérieur Brut","2022","2022","%","-14.934967","X","Ciffre de sources internationales",""
"MK","Indicateurs macro","SWE","Suède","6119","Valeur US $ par habitant","22008","Produit Intérieur Brut","2022","2022","USD","56040.302284","X","Ciffre de sources internationales",""
"MK","Indicateurs macro","SWE","Suède","61290","Croissance annuelle US$ par habitant","22008","Produit Intérieur Brut","2022","2022","%","-8.306149","X","Ciffre de sources internationales",""
"MK","Indicateurs macro","CHE","Suisse","6119","Valeur US $ par habitant","22008","Produit Intérieur Brut","2022","2022","USD","93636.424921","X","Ciffre de sources internationales",""
"MK","Indicateurs macro","CHE","Suisse","61290","Croissance annuelle US$ par habitant","22008","Produit Intérieur Brut","2022","2022","%","0.052052","X","Ciffre de sources internationales",""
"MK","Indicateurs macro","SUR","Suriname","6119","Valeur US $ par habitant","22008","Produit Intérieur Brut","2022","2022","USD","5858.824718","X","Ciffre de sources internationales",""
"MK","Indicateurs macro","SUR","Suriname","61290","Croissance annuelle US$ par habitant","22008","Produit Intérieur Brut","2022","2022","%","7.904334","X","Ciffre de sources internationales",""
"MK","Indicateurs macro","TJK","Tadjikistan","6119","Valeur US $ par habitant","22008","Produit Intérieur Brut","2022","2022","USD","1054.189128","X","Ciffre de sources internationales",""
"MK","Indicateurs macro","TJK","Tadjikistan","61290","Croissance annuelle US$ par habitant","22008","Produit Intérieur Brut","2022","2022","%","14.999276","X","Ciffre de sources internationales",""
"MK","Indicateurs macro","TCD","Tchad","6119","Valeur US $ par habitant","22008","Produit Intérieur Brut","2022","2022","USD","947.85465","X","Ciffre de sources internationales",""
"MK","Indicateurs macro","TCD","Tchad","61290","Croissance annuelle US$ par habitant","22008","Produit Intérieur Brut","2022","2022","%","-0.718222","X","Ciffre de sources internationales",""
"MK","Indicateurs macro","F51","Tchécoslovaq","6119","Valeur US $ par habitant","22008","Produit Intérieur Brut","2022","2022","","","","",""
"MK","Indicateurs macro","F51","Tchécoslovaq","61290","Croissance annuelle US$ par habitant","22008","Produit Intérieur Brut","2022","2022","","","","",""
"MK","Indicateurs macro","CZE","Tchéquie","6119","Valeur US $ par habitant","22008","Produit Intérieur Brut","2022","2022","USD","27685.147534","X","Ciffre de sources internationales",""
"MK","Indicateurs macro","CZE","Tchéquie","61290","Croissance annuelle US$ par habitant","22008","Produit Intérieur Brut","2022","2022","%","3.264996","X","Ciffre de sources internationales",""
"MK","Indicateurs macro","THA","Thaïlande","6119","Valeur US $ par habitant","22008","Produit Intérieur Brut","2022","2022","USD","6908.802119","X","Ciffre de sources internationales",""
"MK","Indicateurs macro","THA","Thaïlande","61290","Croissance annuelle US$ par habitant","22008","Produit Intérieur Brut","2022","2022","%","-2.15406","X","Ciffre de sources internationales",""
"MK","Indicateurs macro","TLS","Timor-Leste","6119","Valeur US $ par habitant","22008","Produit Intérieur Brut","2022","2022","USD","2389.295888","X","Ciffre de sources internationales",""
"MK","Indicateurs macro","TLS","Timor-Leste","61290","Croissance annuelle US$ par habitant","22008","Produit Intérieur Brut","2022","2022","%","-12.861462","X","Ciffre de sources internationales",""
"MK","Indicateurs macro","TGO","Togo","6119","Valeur US $ par habitant","22008","Produit Intérieur Brut","2022","2022","USD","913.929411","X","Ciffre de sources internationales",""
"MK","Indicateurs macro","TGO","Togo","61290","Croissance annuelle US$ par habitant","22008","Produit Intérieur Brut","2022","2022","%","-4.737644","X","Ciffre de sources internationales",""
"MK","Indicateurs macro","TON","Tonga","6119","Valeur US $ par habitant","22008","Produit Intérieur Brut","2022","2022","USD","4570.625876","X","Ciffre de sources internationales",""
"MK","Indicateurs macro","TON","Tonga","61290","Croissance annuelle US$ par habitant","22008","Produit Intérieur Brut","2022","2022","%","2.698427","X","Ciffre de sources internationales",""
"MK","Indicateurs macro","TTO","Trinité-et-Tobago","6119","Valeur US $ par habitant","22008","Produit Intérieur Brut","2022","2022","USD","19629.381173","X","Ciffre de sources internationales",""
"MK","Indicateurs macro","TTO","Trinité-et-Tobago","61290","Croissance annuelle US$ par habitant","22008","Produit Intérieur Brut","2022","2022","%","22.25398","X","Ciffre de sources internationales",""
"MK","Indicateurs macro","TUN","Tunisie","6119","Valeur US $ par habitant","22008","Produit Intérieur Brut","2022","2022","USD","3737.517895","X","Ciffre de sources internationales",""
"MK","Indicateurs macro","TUN","Tunisie","61290","Croissance annuelle US$ par habitant","22008","Produit Intérieur Brut","2022","2022","%","-1.829877","X","Ciffre de sources internationales",""
"MK","Indicateurs macro","TKM","Turkménistan","6119","Valeur US $ par habitant","22008","Produit Intérieur Brut","2022","2022","USD","10420.133183","X","Ciffre de sources internationales",""
"MK","Indicateurs macro","TKM","Turkménistan","61290","Croissance annuelle US$ par habitant","22008","Produit Intérieur Brut","2022","2022","%","18.35937","X","Ciffre de sources internationales",""
"MK","Indicateurs macro","TUR","Türkiye","6119","Valeur US $ par habitant","22008","Produit Intérieur Brut","2022","2022","USD","10629.308892","X","Ciffre de sources internationales",""
"MK","Indicateurs macro","TUR","Türkiye","61290","Croissance annuelle US$ par habitant","22008","Produit Intérieur Brut","2022","2022","%","9.908785","X","Ciffre de sources internationales",""
"MK","Indicateurs macro","TUV","Tuvalu","6119","Valeur US $ par habitant","22008","Produit Intérieur Brut","2022","2022","USD","5219.259409","X","Ciffre de sources internationales",""
"MK","Indicateurs macro","TUV","Tuvalu","61290","Croissance annuelle US$ par habitant","22008","Produit Intérieur Brut","2022","2022","%","-2.814676","X","Ciffre de sources internationales",""
"MK","Indicateurs macro","UKR","Ukraine","6119","Valeur US $ par habitant","22008","Produit Intérieur Brut","2022","2022","USD","4042.713072","X","Ciffre de sources internationales",""
"MK","Indicateurs macro","UKR","Ukraine","61290","Croissance annuelle US$ par habitant","22008","Produit Intérieur Brut","2022","2022","%","-11.904341","X","Ciffre de sources internationales",""
"MK","Indicateurs macro","F228","URSS","6119","Valeur US $ par habitant","22008","Produit Intérieur Brut","2022","2022","","","","",""
"MK","Indicateurs macro","F228","URSS","61290","Croissance annuelle US$ par habitant","22008","Produit Intérieur Brut","2022","2022","","","","",""
"MK","Indicateurs macro","URY","Uruguay","6119","Valeur US $ par habitant","22008","Produit Intérieur Brut","2022","2022","USD","20793.282962","X","Ciffre de sources internationales",""
"MK","Indicateurs macro","URY","Uruguay","61290","Croissance annuelle US$ par habitant","22008","Produit Intérieur Brut","2022","2022","%","16.011743","X","Ciffre de sources internationales",""
"MK","Indicateurs macro","VUT","Vanuatu","6119","Valeur US $ par habitant","22008","Produit Intérieur Brut","2022","2022","USD","3015.409191","X","Ciffre de sources internationales",""
"MK","Indicateurs macro","VUT","Vanuatu","61290","Croissance annuelle US$ par habitant","22008","Produit Intérieur Brut","2022","2022","%","-0.957916","X","Ciffre de sources internationales",""
"MK","Indicateurs macro","VEN","Venezuela (République bolivarienne du)","6119","Valeur US $ par habitant","22008","Produit Intérieur Brut","2022","2022","USD","4569.110543","X","Ciffre de sources internationales",""
"MK","Indicateurs macro","VEN","Venezuela (République bolivarienne du)","61290","Croissance annuelle US$ par habitant","22008","Produit Intérieur Brut","2022","2022","%","15.188704","X","Ciffre de sources internationales",""
"MK","Indicateurs macro","VNM","Viet Nam","6119","Valeur US $ par habitant","22008","Produit Intérieur Brut","2022","2022","USD","4163.5143","X","Ciffre de sources internationales",""
"MK","Indicateurs macro","VNM","Viet Nam","61290","Croissance annuelle US$ par habitant","22008","Produit Intérieur Brut","2022","2022","%","10.835261","X","Ciffre de sources internationales",""
"MK","Indicateurs macro","YEM","Yémen","6119","Valeur US $ par habitant","22008","Produit Intérieur Brut","2022","2022","USD","326.651586","X","Ciffre de sources internationales",""
"MK","Indicateurs macro","YEM","Yémen","61290","Croissance annuelle US$ par habitant","22008","Produit Intérieur Brut","2022","2022","%","20.095096","X","Ciffre de sources internationales",""
"MK","Indicateurs macro","F247","Yemen Dém","6119","Valeur US $ par habitant","22008","Produit Intérieur Brut","2022","2022","","","","",""
"MK","Indicateurs macro","F247","Yemen Dém","61290","Croissance annuelle US$ par habitant","22008","Produit Intérieur Brut","2022","2022","","","","",""
"MK","Indicateurs macro","F246","Yémen Rép A","6119","Valeur US $ par habitant","22008","Produit Intérieur Brut","2022","2022","","","","",""
"MK","Indicateurs macro","F246","Yémen Rép A","61290","Croissance annuelle US$ par habitant","22008","Produit Intérieur Brut","2022","2022","","","","",""
"MK","Indicateurs macro","ZMB","Zambie","6119","Valeur US $ par habitant","22008","Produit Intérieur Brut","2022","2022","USD","1455.546876","X","Ciffre de sources internationales",""
"MK","Indicateurs macro","ZMB","Zambie","61290","Croissance annuelle US$ par habitant","22008","Produit Intérieur Brut","2022","2022","%","28.233174","X","Ciffre de sources internationales",""
"MK","Indicateurs macro","ZWE","Zimbabwe","6119","Valeur US $ par habitant","22008","Produit Intérieur Brut","2022","2022","USD","1618.73307","X","Ciffre de sources internationales",""
"MK","Indicateurs macro","ZWE","Zimbabwe","61290","Croissance annuelle US$ par habitant","22008","Produit Intérieur Brut","2022","2022","%","7.343412","X","Ciffre de sources internationales",""
